TimeStamp,Value
Thu Apr 09 08:34:10 CDT 2015,1.0
Thu Apr 09 08:34:11 CDT 2015,0.4010416666666667
Thu Apr 09 08:34:12 CDT 2015,0.505859375
Thu Apr 09 08:34:13 CDT 2015,0.36328125
Thu Apr 09 08:34:14 CDT 2015,1.59765625
Thu Apr 09 08:34:15 CDT 2015,0.3580729166666667
Thu Apr 09 08:34:16 CDT 2015,0.69140625
Thu Apr 09 08:34:17 CDT 2015,0.4453125
Thu Apr 09 08:34:20 CDT 2015,3.015625
Thu Apr 09 08:34:38 CDT 2015,3.99609375
Thu Apr 09 08:34:39 CDT 2015,0.26953125
Thu Apr 09 08:34:40 CDT 2015,0.7890625
Thu Apr 09 08:34:41 CDT 2015,0.28515625
Thu Apr 09 08:34:44 CDT 2015,1.6484375
Thu Apr 09 08:34:45 CDT 2015,0.26953125
Thu Apr 09 08:34:46 CDT 2015,1.34765625
Thu Apr 09 08:34:47 CDT 2015,1.0
Thu Apr 09 08:34:49 CDT 2015,2.1484375
Thu Apr 09 08:34:50 CDT 2015,0.5703125
Thu Apr 09 08:34:52 CDT 2015,1.91796875
Thu Apr 09 08:34:54 CDT 2015,1.55078125
Thu Apr 09 08:34:55 CDT 2015,1.1328125
Thu Apr 09 08:34:59 CDT 2015,1.48828125
Thu Apr 09 08:35:00 CDT 2015,0.310546875
Thu Apr 09 08:35:01 CDT 2015,0.4348958333333333
Thu Apr 09 08:35:02 CDT 2015,0.51171875
Thu Apr 09 08:35:05 CDT 2015,3.00390625
Thu Apr 09 08:35:06 CDT 2015,0.494140625
Thu Apr 09 08:35:08 CDT 2015,1.1875
Thu Apr 09 08:35:09 CDT 2015,0.26953125
Thu Apr 09 08:35:10 CDT 2015,0.8515625
Thu Apr 09 08:35:13 CDT 2015,3.7265625
Thu Apr 09 08:35:15 CDT 2015,1.58203125
Thu Apr 09 08:35:16 CDT 2015,1.0625
Thu Apr 09 08:35:18 CDT 2015,1.7265625
Thu Apr 09 08:35:19 CDT 2015,0.826171875
Thu Apr 09 08:35:20 CDT 2015,0.2903645833333333
Thu Apr 09 08:35:21 CDT 2015,0.9609375
Thu Apr 09 08:35:22 CDT 2015,0.38671875
Thu Apr 09 08:35:23 CDT 2015,0.37890625
Thu Apr 09 08:35:24 CDT 2015,0.8046875
Thu Apr 09 08:35:25 CDT 2015,0.443359375
Thu Apr 09 08:35:26 CDT 2015,0.384765625
Thu Apr 09 08:35:27 CDT 2015,0.3190104166666667
Thu Apr 09 08:35:28 CDT 2015,0.3815104166666667
Thu Apr 09 08:35:31 CDT 2015,2.31640625
Thu Apr 09 08:35:32 CDT 2015,1.22265625
Thu Apr 09 08:35:33 CDT 2015,1.30078125
Thu Apr 09 08:35:35 CDT 2015,1.90234375
Thu Apr 09 08:35:36 CDT 2015,0.583984375
Thu Apr 09 08:35:37 CDT 2015,0.42578125
Thu Apr 09 08:35:38 CDT 2015,0.76171875
Thu Apr 09 08:35:39 CDT 2015,0.2981770833333333
Thu Apr 09 08:35:40 CDT 2015,0.9140625
Thu Apr 09 08:35:43 CDT 2015,1.0638020833333333
Thu Apr 09 08:35:44 CDT 2015,0.44921875
Thu Apr 09 08:35:46 CDT 2015,2.0859375
Thu Apr 09 08:35:47 CDT 2015,0.53515625
Thu Apr 09 08:35:48 CDT 2015,0.34765625
Thu Apr 09 08:35:49 CDT 2015,0.26953125
Thu Apr 09 08:35:51 CDT 2015,1.330078125
Thu Apr 09 08:35:52 CDT 2015,0.359375
Thu Apr 09 08:35:57 CDT 2015,1.5403645833333333
Thu Apr 09 08:35:58 CDT 2015,0.3450520833333333
Thu Apr 09 08:36:01 CDT 2015,2.48046875
Thu Apr 09 08:36:02 CDT 2015,1.4140625
Thu Apr 09 08:36:03 CDT 2015,0.484375
Thu Apr 09 08:36:05 CDT 2015,1.111328125
Thu Apr 09 08:36:07 CDT 2015,1.71875
Thu Apr 09 08:36:08 CDT 2015,0.77734375
Thu Apr 09 08:36:09 CDT 2015,1.61328125
Thu Apr 09 08:36:10 CDT 2015,0.4075520833333333
Thu Apr 09 08:36:11 CDT 2015,0.3619791666666667
Thu Apr 09 08:36:12 CDT 2015,0.84375
Thu Apr 09 08:36:13 CDT 2015,0.26953125
Thu Apr 09 08:36:15 CDT 2015,0.9557291666666666
Thu Apr 09 08:36:17 CDT 2015,1.90234375
Thu Apr 09 08:36:18 CDT 2015,0.49609375
Thu Apr 09 08:36:19 CDT 2015,0.32421875
Thu Apr 09 08:36:20 CDT 2015,0.396484375
Thu Apr 09 08:36:23 CDT 2015,3.16796875
Thu Apr 09 08:36:24 CDT 2015,0.474609375
Thu Apr 09 08:36:25 CDT 2015,0.26953125
Thu Apr 09 08:36:26 CDT 2015,1.390625
Thu Apr 09 08:36:27 CDT 2015,0.5234375
Thu Apr 09 08:36:28 CDT 2015,0.31640625
Thu Apr 09 08:36:29 CDT 2015,0.9296875
Thu Apr 09 08:36:30 CDT 2015,0.3033854166666667
Thu Apr 09 08:36:32 CDT 2015,2.1015625
Thu Apr 09 08:36:34 CDT 2015,1.89453125
Thu Apr 09 08:36:36 CDT 2015,1.046875
Thu Apr 09 08:36:47 CDT 2015,3.99609375
Thu Apr 09 08:36:48 CDT 2015,1.35546875
Thu Apr 09 08:36:49 CDT 2015,0.2721354166666667
Thu Apr 09 08:36:50 CDT 2015,0.52734375
Thu Apr 09 08:36:51 CDT 2015,0.26953125
Thu Apr 09 08:36:52 CDT 2015,0.34765625
Thu Apr 09 08:36:53 CDT 2015,0.4140625
Thu Apr 09 08:36:54 CDT 2015,0.29296875
Thu Apr 09 08:36:55 CDT 2015,0.380859375
Thu Apr 09 08:36:56 CDT 2015,0.3349609375
Thu Apr 09 08:36:57 CDT 2015,0.49609375
Thu Apr 09 08:36:59 CDT 2015,1.0
Thu Apr 09 08:37:00 CDT 2015,0.890625
Thu Apr 09 08:37:01 CDT 2015,0.3984375
Thu Apr 09 08:37:07 CDT 2015,3.99609375
Thu Apr 09 08:37:12 CDT 2015,1.51171875
Thu Apr 09 08:37:13 CDT 2015,0.30078125
Thu Apr 09 08:37:14 CDT 2015,0.890625
Thu Apr 09 08:37:17 CDT 2015,0.8798828125
Thu Apr 09 08:37:18 CDT 2015,0.26953125
Thu Apr 09 08:37:19 CDT 2015,0.3580729166666667
Thu Apr 09 08:37:20 CDT 2015,0.51953125
Thu Apr 09 08:37:24 CDT 2015,2.181640625
Thu Apr 09 08:37:25 CDT 2015,0.2747395833333333
Thu Apr 09 08:37:26 CDT 2015,0.6171875
Thu Apr 09 08:37:27 CDT 2015,0.296875
Thu Apr 09 08:37:28 CDT 2015,0.26953125
Thu Apr 09 08:37:29 CDT 2015,1.296875
Thu Apr 09 08:37:30 CDT 2015,0.82421875
Thu Apr 09 08:37:32 CDT 2015,2.578125
Thu Apr 09 08:37:33 CDT 2015,0.26953125
Thu Apr 09 08:37:34 CDT 2015,1.4921875
Thu Apr 09 08:37:35 CDT 2015,1.34765625
Thu Apr 09 08:37:36 CDT 2015,0.509765625
Thu Apr 09 08:37:37 CDT 2015,0.3255208333333333
Thu Apr 09 08:37:38 CDT 2015,0.48046875
Thu Apr 09 08:37:40 CDT 2015,1.01171875
Thu Apr 09 08:37:41 CDT 2015,0.369140625
Thu Apr 09 08:37:42 CDT 2015,0.5703125
Thu Apr 09 08:37:43 CDT 2015,0.28125
Thu Apr 09 08:37:44 CDT 2015,0.3151041666666667
Thu Apr 09 08:37:45 CDT 2015,0.3515625
Thu Apr 09 08:37:46 CDT 2015,0.3307291666666667
Thu Apr 09 08:37:47 CDT 2015,0.3346354166666667
Thu Apr 09 08:37:48 CDT 2015,0.369140625
Thu Apr 09 08:37:49 CDT 2015,0.41015625
Thu Apr 09 08:37:50 CDT 2015,0.509765625
Thu Apr 09 08:37:52 CDT 2015,1.6171875
Thu Apr 09 08:37:54 CDT 2015,2.77734375
Thu Apr 09 08:37:55 CDT 2015,0.31640625
Thu Apr 09 08:37:58 CDT 2015,1.1484375
Thu Apr 09 08:37:59 CDT 2015,0.59375
Thu Apr 09 08:38:03 CDT 2015,1.4739583333333333
Thu Apr 09 08:38:04 CDT 2015,0.26953125
Thu Apr 09 08:38:05 CDT 2015,0.26953125
Thu Apr 09 08:38:06 CDT 2015,0.841796875
Thu Apr 09 08:38:07 CDT 2015,0.35546875
Thu Apr 09 08:38:08 CDT 2015,0.3372395833333333
Thu Apr 09 08:38:09 CDT 2015,0.3385416666666667
Thu Apr 09 08:38:10 CDT 2015,0.3658854166666667
Thu Apr 09 08:38:11 CDT 2015,0.66015625
Thu Apr 09 08:38:12 CDT 2015,0.4453125
Thu Apr 09 08:38:17 CDT 2015,3.99609375
Thu Apr 09 08:38:18 CDT 2015,0.4661458333333333
Thu Apr 09 08:38:19 CDT 2015,0.26953125
Thu Apr 09 08:38:20 CDT 2015,1.10546875
Thu Apr 09 08:38:22 CDT 2015,1.7109375
Thu Apr 09 08:38:23 CDT 2015,1.73828125
Thu Apr 09 08:38:24 CDT 2015,0.33203125
Thu Apr 09 08:38:25 CDT 2015,0.9765625
Thu Apr 09 08:38:29 CDT 2015,1.34375
Thu Apr 09 08:38:30 CDT 2015,0.333984375
Thu Apr 09 08:38:32 CDT 2015,1.6953125
Thu Apr 09 08:38:33 CDT 2015,1.46484375
Thu Apr 09 08:38:34 CDT 2015,0.328125
Thu Apr 09 08:38:36 CDT 2015,1.78125
Thu Apr 09 08:38:37 CDT 2015,0.7890625
Thu Apr 09 08:38:38 CDT 2015,0.890625
Thu Apr 09 08:38:39 CDT 2015,0.92578125
Thu Apr 09 08:38:40 CDT 2015,0.603515625
Thu Apr 09 08:38:41 CDT 2015,0.328125
Thu Apr 09 08:38:42 CDT 2015,0.4140625
Thu Apr 09 08:38:44 CDT 2015,0.5263671875
Thu Apr 09 08:38:45 CDT 2015,0.390625
Thu Apr 09 08:38:46 CDT 2015,1.5234375
Thu Apr 09 08:38:47 CDT 2015,0.38671875
Thu Apr 09 08:38:49 CDT 2015,0.7669270833333334
Thu Apr 09 08:38:50 CDT 2015,0.26953125
Thu Apr 09 08:38:51 CDT 2015,0.296875
Thu Apr 09 08:38:52 CDT 2015,0.8515625
Thu Apr 09 08:38:54 CDT 2015,1.0703125
Thu Apr 09 08:38:55 CDT 2015,0.380859375
Thu Apr 09 08:38:58 CDT 2015,2.9453125
Thu Apr 09 08:38:59 CDT 2015,1.30078125
Thu Apr 09 08:39:01 CDT 2015,1.5078125
Thu Apr 09 08:39:02 CDT 2015,0.7265625
Thu Apr 09 08:39:03 CDT 2015,0.42578125
Thu Apr 09 08:39:05 CDT 2015,1.099609375
Thu Apr 09 08:39:06 CDT 2015,0.52734375
Thu Apr 09 08:39:07 CDT 2015,0.96484375
Thu Apr 09 08:39:11 CDT 2015,1.26171875
Thu Apr 09 08:39:13 CDT 2015,2.078125
Thu Apr 09 08:39:15 CDT 2015,0.6276041666666666
Thu Apr 09 08:39:16 CDT 2015,0.89453125
Thu Apr 09 08:39:17 CDT 2015,0.80078125
Thu Apr 09 08:39:18 CDT 2015,0.55078125
Thu Apr 09 08:39:20 CDT 2015,2.28125
Thu Apr 09 08:39:21 CDT 2015,0.2877604166666667
Thu Apr 09 08:39:22 CDT 2015,0.560546875
Thu Apr 09 08:39:23 CDT 2015,0.2900390625
Thu Apr 09 08:39:24 CDT 2015,0.3359375
Thu Apr 09 08:39:25 CDT 2015,0.26953125
Thu Apr 09 08:39:27 CDT 2015,1.080078125
Thu Apr 09 08:39:28 CDT 2015,0.59375
Thu Apr 09 08:39:31 CDT 2015,3.11328125
Thu Apr 09 08:39:33 CDT 2015,1.97265625
Thu Apr 09 08:39:34 CDT 2015,0.2734375
Thu Apr 09 08:39:36 CDT 2015,1.041015625
Thu Apr 09 08:39:37 CDT 2015,0.4375
Thu Apr 09 08:39:39 CDT 2015,2.53515625
Thu Apr 09 08:39:40 CDT 2015,0.3046875
Thu Apr 09 08:39:41 CDT 2015,0.294921875
Thu Apr 09 08:39:44 CDT 2015,1.716796875
Thu Apr 09 08:39:45 CDT 2015,0.26953125
Thu Apr 09 08:39:46 CDT 2015,0.984375
Thu Apr 09 08:39:47 CDT 2015,1.3203125
Thu Apr 09 08:39:48 CDT 2015,0.26953125
Thu Apr 09 08:39:49 CDT 2015,0.92578125
Thu Apr 09 08:39:53 CDT 2015,3.99609375
Thu Apr 09 08:39:54 CDT 2015,0.26953125
Thu Apr 09 08:39:56 CDT 2015,2.37109375
Thu Apr 09 08:39:57 CDT 2015,0.28125
Thu Apr 09 08:40:01 CDT 2015,1.4309895833333333
Thu Apr 09 08:40:02 CDT 2015,0.26953125
Thu Apr 09 08:40:03 CDT 2015,0.333984375
Thu Apr 09 08:40:04 CDT 2015,0.51953125
Thu Apr 09 08:40:06 CDT 2015,0.8059895833333334
Thu Apr 09 08:40:07 CDT 2015,0.427734375
Thu Apr 09 08:40:08 CDT 2015,0.3984375
Thu Apr 09 08:40:09 CDT 2015,0.4153645833333333
Thu Apr 09 08:40:10 CDT 2015,0.3684895833333333
Thu Apr 09 08:40:11 CDT 2015,0.3177083333333333
Thu Apr 09 08:40:12 CDT 2015,0.33203125
Thu Apr 09 08:40:14 CDT 2015,0.8125
Thu Apr 09 08:40:15 CDT 2015,0.53515625
Thu Apr 09 08:40:20 CDT 2015,3.99609375
Thu Apr 09 08:40:22 CDT 2015,1.83203125
Thu Apr 09 08:40:23 CDT 2015,0.42578125
Thu Apr 09 08:40:24 CDT 2015,0.3671875
Thu Apr 09 08:40:26 CDT 2015,0.671875
Thu Apr 09 08:40:27 CDT 2015,0.5625
Thu Apr 09 08:40:28 CDT 2015,0.26953125
Thu Apr 09 08:40:30 CDT 2015,0.8684895833333334
Thu Apr 09 08:40:31 CDT 2015,0.53515625
Thu Apr 09 08:40:32 CDT 2015,0.26953125
Thu Apr 09 08:40:33 CDT 2015,0.84375
Thu Apr 09 08:40:34 CDT 2015,0.697265625
Thu Apr 09 08:40:35 CDT 2015,0.541015625
Thu Apr 09 08:44:45 CDT 2015,2.1328125
Thu Apr 09 08:44:46 CDT 2015,0.33203125
Thu Apr 09 08:44:47 CDT 2015,0.658203125
Thu Apr 09 08:44:48 CDT 2015,0.26953125
Thu Apr 09 08:44:49 CDT 2015,0.2760416666666667
Thu Apr 09 08:44:50 CDT 2015,0.3450520833333333
Thu Apr 09 08:44:51 CDT 2015,0.3580729166666667
Thu Apr 09 08:44:52 CDT 2015,0.7734375
Thu Apr 09 08:44:54 CDT 2015,1.07421875
Thu Apr 09 08:44:55 CDT 2015,0.58203125
Thu Apr 09 08:44:59 CDT 2015,1.3489583333333333
Thu Apr 09 08:45:03 CDT 2015,1.3177083333333333
Thu Apr 09 08:45:04 CDT 2015,0.7890625
Thu Apr 09 08:45:06 CDT 2015,1.8359375
Thu Apr 09 08:45:07 CDT 2015,0.57421875
Thu Apr 09 08:45:08 CDT 2015,0.904296875
Thu Apr 09 08:45:09 CDT 2015,0.3385416666666667
Thu Apr 09 08:45:10 CDT 2015,0.796875
Thu Apr 09 08:45:11 CDT 2015,0.50390625
Thu Apr 09 08:45:12 CDT 2015,0.2786458333333333
Thu Apr 09 08:45:14 CDT 2015,1.7578125
Thu Apr 09 08:45:15 CDT 2015,0.80078125
Thu Apr 09 08:45:16 CDT 2015,0.5533854166666666
Thu Apr 09 08:45:17 CDT 2015,0.431640625
Thu Apr 09 08:45:18 CDT 2015,0.4231770833333333
Thu Apr 09 08:45:19 CDT 2015,0.76171875
Thu Apr 09 08:45:20 CDT 2015,0.4361979166666667
Thu Apr 09 08:45:21 CDT 2015,0.419921875
Thu Apr 09 08:45:23 CDT 2015,1.1953125
Thu Apr 09 08:45:25 CDT 2015,1.3203125
Thu Apr 09 08:45:26 CDT 2015,1.02734375
Thu Apr 09 08:45:27 CDT 2015,0.3880208333333333
Thu Apr 09 08:45:28 CDT 2015,0.30859375
Thu Apr 09 08:45:29 CDT 2015,0.796875
Thu Apr 09 08:45:30 CDT 2015,0.28515625
Thu Apr 09 08:45:32 CDT 2015,2.43359375
Thu Apr 09 08:45:33 CDT 2015,0.4830729166666667
Thu Apr 09 08:45:36 CDT 2015,1.31640625
Thu Apr 09 08:45:37 CDT 2015,0.44921875
Thu Apr 09 08:45:38 CDT 2015,1.71875
Thu Apr 09 08:45:39 CDT 2015,1.2421875
Thu Apr 09 08:45:43 CDT 2015,1.99609375
Thu Apr 09 08:45:44 CDT 2015,0.31640625
Thu Apr 09 08:45:45 CDT 2015,0.26953125
Thu Apr 09 08:45:46 CDT 2015,0.3294270833333333
Thu Apr 09 08:45:48 CDT 2015,0.56640625
Thu Apr 09 08:45:49 CDT 2015,0.61328125
Thu Apr 09 08:45:50 CDT 2015,0.53125
Thu Apr 09 08:45:52 CDT 2015,1.26171875
Thu Apr 09 08:45:53 CDT 2015,0.39453125
Thu Apr 09 08:45:56 CDT 2015,0.8056640625
Thu Apr 09 08:45:57 CDT 2015,0.26953125
Thu Apr 09 08:45:58 CDT 2015,1.04296875
Thu Apr 09 08:46:00 CDT 2015,1.166015625
Thu Apr 09 08:46:01 CDT 2015,1.23046875
Thu Apr 09 08:46:03 CDT 2015,0.93359375
Thu Apr 09 08:46:05 CDT 2015,2.1640625
Thu Apr 09 08:46:06 CDT 2015,0.447265625
Thu Apr 09 08:46:07 CDT 2015,0.34375
Thu Apr 09 08:46:08 CDT 2015,0.3645833333333333
Thu Apr 09 08:46:09 CDT 2015,0.37890625
Thu Apr 09 08:46:10 CDT 2015,1.65234375
Thu Apr 09 08:46:11 CDT 2015,0.29296875
Thu Apr 09 08:46:12 CDT 2015,0.431640625
Thu Apr 09 08:46:14 CDT 2015,2.0390625
Thu Apr 09 08:46:15 CDT 2015,0.6484375
Thu Apr 09 08:46:16 CDT 2015,0.947265625
Thu Apr 09 08:46:17 CDT 2015,0.40625
Thu Apr 09 08:46:18 CDT 2015,0.49609375
Thu Apr 09 08:46:19 CDT 2015,0.546875
Thu Apr 09 08:46:20 CDT 2015,0.75390625
Thu Apr 09 08:46:21 CDT 2015,0.43359375
Thu Apr 09 08:46:24 CDT 2015,3.47265625
Thu Apr 09 08:46:25 CDT 2015,0.330078125
Thu Apr 09 08:46:26 CDT 2015,1.34765625
Thu Apr 09 08:46:27 CDT 2015,0.376953125
Thu Apr 09 08:46:28 CDT 2015,0.783203125
Thu Apr 09 08:46:29 CDT 2015,0.427734375
Thu Apr 09 08:46:30 CDT 2015,0.70703125
Thu Apr 09 08:46:31 CDT 2015,0.498046875
Thu Apr 09 08:46:32 CDT 2015,1.3359375
Thu Apr 09 08:46:33 CDT 2015,0.98046875
Thu Apr 09 08:46:34 CDT 2015,0.552734375
Thu Apr 09 08:46:36 CDT 2015,0.6497395833333334
Thu Apr 09 08:46:38 CDT 2015,0.896484375
Thu Apr 09 08:46:40 CDT 2015,1.119140625
Thu Apr 09 08:46:41 CDT 2015,0.7734375
Thu Apr 09 08:46:42 CDT 2015,0.4375
Thu Apr 09 08:46:44 CDT 2015,1.03515625
Thu Apr 09 08:46:46 CDT 2015,2.734375
Thu Apr 09 08:46:50 CDT 2015,1.33984375
Thu Apr 09 08:46:55 CDT 2015,1.201171875
Thu Apr 09 08:46:56 CDT 2015,0.447265625
Thu Apr 09 08:46:57 CDT 2015,1.0390625
Thu Apr 09 08:46:58 CDT 2015,0.26953125
Thu Apr 09 08:46:59 CDT 2015,1.12109375
Thu Apr 09 08:47:00 CDT 2015,0.8125
Thu Apr 09 08:47:01 CDT 2015,0.26953125
Thu Apr 09 08:47:05 CDT 2015,3.99609375
Thu Apr 09 08:47:06 CDT 2015,0.443359375
Thu Apr 09 08:47:07 CDT 2015,0.87109375
Thu Apr 09 08:47:08 CDT 2015,0.88671875
Thu Apr 09 08:47:10 CDT 2015,2.265625
Thu Apr 09 08:47:11 CDT 2015,0.2981770833333333
Thu Apr 09 08:47:12 CDT 2015,0.49609375
Thu Apr 09 08:47:13 CDT 2015,1.6796875
Thu Apr 09 08:47:14 CDT 2015,0.548828125
Thu Apr 09 08:47:15 CDT 2015,0.63671875
Thu Apr 09 08:47:17 CDT 2015,1.82421875
Thu Apr 09 08:47:18 CDT 2015,0.4401041666666667
Thu Apr 09 08:47:21 CDT 2015,3.0625
Thu Apr 09 08:47:22 CDT 2015,0.369140625
Thu Apr 09 08:47:25 CDT 2015,1.13671875
Thu Apr 09 08:47:26 CDT 2015,0.431640625
Thu Apr 09 08:47:29 CDT 2015,0.9596354166666666
Thu Apr 09 08:47:31 CDT 2015,0.69140625
Thu Apr 09 08:47:32 CDT 2015,0.26953125
Thu Apr 09 08:47:33 CDT 2015,1.89453125
Thu Apr 09 08:47:34 CDT 2015,0.35546875
Thu Apr 09 08:47:35 CDT 2015,0.53125
Thu Apr 09 08:47:36 CDT 2015,0.419921875
Thu Apr 09 08:47:37 CDT 2015,0.3291015625
Thu Apr 09 08:47:38 CDT 2015,0.28125
Thu Apr 09 08:47:39 CDT 2015,0.421875
Thu Apr 09 08:47:41 CDT 2015,2.1171875
Thu Apr 09 08:47:44 CDT 2015,1.1028645833333333
Thu Apr 09 08:47:48 CDT 2015,2.0703125
Thu Apr 09 08:47:49 CDT 2015,0.3020833333333333
Thu Apr 09 08:47:51 CDT 2015,0.56640625
Thu Apr 09 08:47:52 CDT 2015,0.90234375
Thu Apr 09 08:47:53 CDT 2015,0.37890625
Thu Apr 09 08:47:54 CDT 2015,0.431640625
Thu Apr 09 08:47:55 CDT 2015,0.2786458333333333
Thu Apr 09 08:47:56 CDT 2015,0.431640625
Thu Apr 09 08:47:57 CDT 2015,1.453125
Thu Apr 09 08:47:58 CDT 2015,0.3125
Thu Apr 09 08:47:59 CDT 2015,0.35546875
Thu Apr 09 08:48:01 CDT 2015,2.23046875
Thu Apr 09 08:48:04 CDT 2015,1.396484375
Thu Apr 09 08:48:05 CDT 2015,0.30078125
Thu Apr 09 08:48:06 CDT 2015,0.65234375
Thu Apr 09 08:48:07 CDT 2015,1.0703125
Thu Apr 09 08:48:08 CDT 2015,0.4296875
Thu Apr 09 08:48:09 CDT 2015,0.78515625
Thu Apr 09 08:48:10 CDT 2015,0.466796875
Thu Apr 09 08:48:12 CDT 2015,0.9453125
Thu Apr 09 08:48:13 CDT 2015,0.3671875
Thu Apr 09 08:48:14 CDT 2015,0.7421875
Thu Apr 09 08:48:15 CDT 2015,0.490234375
Thu Apr 09 08:48:16 CDT 2015,1.01953125
Thu Apr 09 08:48:17 CDT 2015,1.0234375
Thu Apr 09 08:48:18 CDT 2015,0.599609375
Thu Apr 09 08:48:20 CDT 2015,1.06640625
Thu Apr 09 08:48:22 CDT 2015,1.5625
Thu Apr 09 08:48:23 CDT 2015,0.76171875
Thu Apr 09 08:48:25 CDT 2015,1.8125
Thu Apr 09 08:48:26 CDT 2015,0.884765625
Thu Apr 09 08:48:27 CDT 2015,1.09375
Thu Apr 09 08:48:29 CDT 2015,0.853515625
Thu Apr 09 08:48:30 CDT 2015,0.4921875
Thu Apr 09 08:48:33 CDT 2015,3.62890625
Thu Apr 09 08:48:35 CDT 2015,1.40234375
Thu Apr 09 08:48:36 CDT 2015,1.06640625
Thu Apr 09 08:48:37 CDT 2015,1.4375
Thu Apr 09 08:48:38 CDT 2015,0.453125
Thu Apr 09 08:48:41 CDT 2015,1.1575520833333333
Thu Apr 09 08:48:42 CDT 2015,1.29296875
Thu Apr 09 08:48:45 CDT 2015,2.1484375
Thu Apr 09 08:48:46 CDT 2015,0.5885416666666666
Thu Apr 09 08:48:47 CDT 2015,0.28125
Thu Apr 09 08:48:48 CDT 2015,0.3776041666666667
Thu Apr 09 08:48:50 CDT 2015,0.9765625
Thu Apr 09 08:48:51 CDT 2015,0.26953125
Thu Apr 09 08:48:53 CDT 2015,1.75
Thu Apr 09 08:48:54 CDT 2015,0.3971354166666667
Thu Apr 09 08:48:55 CDT 2015,0.595703125
Thu Apr 09 08:48:57 CDT 2015,1.2421875
Thu Apr 09 08:48:58 CDT 2015,0.755859375
Thu Apr 09 08:48:59 CDT 2015,0.578125
Thu Apr 09 08:49:00 CDT 2015,0.427734375
Thu Apr 09 08:49:01 CDT 2015,0.421875
Thu Apr 09 08:49:02 CDT 2015,1.20703125
Thu Apr 09 08:49:03 CDT 2015,0.7109375
Thu Apr 09 08:49:06 CDT 2015,2.6171875
Thu Apr 09 08:49:07 CDT 2015,0.5481770833333334
Thu Apr 09 08:49:08 CDT 2015,0.466796875
Thu Apr 09 08:49:10 CDT 2015,1.76171875
Thu Apr 09 08:49:11 CDT 2015,1.3203125
Thu Apr 09 08:49:12 CDT 2015,0.7421875
Thu Apr 09 08:49:13 CDT 2015,0.3330078125
Thu Apr 09 08:49:16 CDT 2015,1.0013020833333333
Thu Apr 09 08:49:17 CDT 2015,0.85546875
Thu Apr 09 08:49:20 CDT 2015,1.544921875
Thu Apr 09 08:49:21 CDT 2015,0.50390625
Thu Apr 09 08:49:22 CDT 2015,0.609375
Thu Apr 09 08:49:23 CDT 2015,0.640625
Thu Apr 09 08:49:26 CDT 2015,3.10546875
Thu Apr 09 08:49:27 CDT 2015,0.26953125
Thu Apr 09 08:49:28 CDT 2015,1.58984375
Thu Apr 09 08:49:30 CDT 2015,0.6705729166666666
Thu Apr 09 08:49:31 CDT 2015,0.66796875
Thu Apr 09 08:49:34 CDT 2015,3.359375
Thu Apr 09 08:49:35 CDT 2015,1.06640625
Thu Apr 09 08:49:36 CDT 2015,0.2825520833333333
Thu Apr 09 08:49:37 CDT 2015,0.48046875
Thu Apr 09 08:49:38 CDT 2015,0.3763020833333333
Thu Apr 09 08:49:39 CDT 2015,0.33203125
Thu Apr 09 08:49:40 CDT 2015,0.462890625
Thu Apr 09 08:49:41 CDT 2015,0.26953125
Thu Apr 09 08:49:42 CDT 2015,0.521484375
Thu Apr 09 08:49:43 CDT 2015,0.94921875
Thu Apr 09 08:49:44 CDT 2015,0.55859375
Thu Apr 09 08:49:45 CDT 2015,0.6875
Thu Apr 09 08:49:46 CDT 2015,0.38671875
Thu Apr 09 08:49:47 CDT 2015,0.42578125
Thu Apr 09 08:49:48 CDT 2015,0.94921875
Thu Apr 09 08:49:50 CDT 2015,2.1953125
Thu Apr 09 08:49:51 CDT 2015,0.7265625
Thu Apr 09 08:49:53 CDT 2015,0.92578125
Thu Apr 09 08:49:54 CDT 2015,0.26953125
Thu Apr 09 08:49:55 CDT 2015,0.857421875
Thu Apr 09 08:49:57 CDT 2015,1.8984375
Thu Apr 09 08:49:58 CDT 2015,0.3671875
Thu Apr 09 08:50:01 CDT 2015,3.046875
Thu Apr 09 08:50:03 CDT 2015,2.625
Thu Apr 09 08:50:04 CDT 2015,0.453125
Thu Apr 09 08:50:05 CDT 2015,0.3997395833333333
Thu Apr 09 08:50:06 CDT 2015,0.3333333333333333
Thu Apr 09 08:50:07 CDT 2015,0.509765625
Thu Apr 09 08:50:08 CDT 2015,0.2880859375
Thu Apr 09 08:50:09 CDT 2015,0.41015625
Thu Apr 09 08:50:10 CDT 2015,0.84765625
Thu Apr 09 08:50:12 CDT 2015,1.0625
Thu Apr 09 08:50:13 CDT 2015,0.79296875
Thu Apr 09 08:50:16 CDT 2015,1.140625
Thu Apr 09 08:50:17 CDT 2015,0.3984375
Thu Apr 09 08:50:20 CDT 2015,1.677734375
Thu Apr 09 08:50:21 CDT 2015,0.26953125
Thu Apr 09 08:50:22 CDT 2015,0.353515625
Thu Apr 09 08:50:23 CDT 2015,0.515625
Thu Apr 09 08:50:24 CDT 2015,1.87890625
Thu Apr 09 08:50:25 CDT 2015,0.380859375
Thu Apr 09 08:50:26 CDT 2015,0.4609375
Thu Apr 09 08:50:28 CDT 2015,2.7578125
Thu Apr 09 08:50:32 CDT 2015,1.30078125
Thu Apr 09 08:50:33 CDT 2015,0.419921875
Thu Apr 09 08:50:34 CDT 2015,0.662109375
Thu Apr 09 08:50:35 CDT 2015,0.439453125
Thu Apr 09 08:50:36 CDT 2015,0.3984375
Thu Apr 09 08:50:37 CDT 2015,0.6328125
Thu Apr 09 08:50:38 CDT 2015,0.59765625
Thu Apr 09 08:50:40 CDT 2015,1.13671875
Thu Apr 09 08:50:41 CDT 2015,0.49609375
Thu Apr 09 08:50:42 CDT 2015,0.48046875
Thu Apr 09 08:50:43 CDT 2015,0.5625
Thu Apr 09 08:50:44 CDT 2015,1.5078125
Thu Apr 09 08:50:45 CDT 2015,0.35546875
Thu Apr 09 08:50:46 CDT 2015,0.74609375
Thu Apr 09 08:50:48 CDT 2015,2.265625
Thu Apr 09 08:50:49 CDT 2015,0.3369140625
Thu Apr 09 08:50:50 CDT 2015,0.400390625
Thu Apr 09 08:50:51 CDT 2015,0.734375
Thu Apr 09 08:50:53 CDT 2015,2.265625
Thu Apr 09 08:50:55 CDT 2015,0.974609375
Thu Apr 09 08:50:56 CDT 2015,0.515625
Thu Apr 09 08:50:58 CDT 2015,1.29296875
Thu Apr 09 08:50:59 CDT 2015,0.3736979166666667
Thu Apr 09 08:51:00 CDT 2015,0.64453125
Thu Apr 09 08:51:01 CDT 2015,1.2109375
Thu Apr 09 08:51:02 CDT 2015,0.3515625
Thu Apr 09 08:51:03 CDT 2015,0.5390625
Thu Apr 09 08:51:05 CDT 2015,2.66015625
Thu Apr 09 08:51:06 CDT 2015,0.3294270833333333
Thu Apr 09 08:51:08 CDT 2015,1.9921875
Thu Apr 09 08:51:09 CDT 2015,0.359375
Thu Apr 09 08:51:10 CDT 2015,0.3893229166666667
Thu Apr 09 08:51:11 CDT 2015,0.447265625
Thu Apr 09 08:51:12 CDT 2015,0.44921875
Thu Apr 09 08:51:17 CDT 2015,3.99609375
Thu Apr 09 08:51:18 CDT 2015,0.5481770833333334
Thu Apr 09 08:51:19 CDT 2015,0.28515625
Thu Apr 09 08:51:20 CDT 2015,0.3059895833333333
Thu Apr 09 08:51:21 CDT 2015,0.28515625
Thu Apr 09 08:51:23 CDT 2015,1.47265625
Thu Apr 09 08:51:24 CDT 2015,0.708984375
Thu Apr 09 08:51:28 CDT 2015,3.99609375
Thu Apr 09 08:51:29 CDT 2015,0.66015625
Thu Apr 09 08:51:30 CDT 2015,0.5859375
Thu Apr 09 08:51:31 CDT 2015,0.4375
Thu Apr 09 08:51:32 CDT 2015,0.5390625
Thu Apr 09 08:51:33 CDT 2015,0.84765625
Thu Apr 09 08:51:34 CDT 2015,0.30078125
Thu Apr 09 08:51:35 CDT 2015,0.26953125
Thu Apr 09 08:51:36 CDT 2015,0.3515625
Thu Apr 09 08:51:37 CDT 2015,0.43359375
Thu Apr 09 08:51:38 CDT 2015,1.1171875
Thu Apr 09 08:51:42 CDT 2015,3.99609375
Thu Apr 09 08:51:43 CDT 2015,0.26953125
Thu Apr 09 08:51:44 CDT 2015,1.25390625
Thu Apr 09 08:51:45 CDT 2015,0.3411458333333333
Thu Apr 09 08:51:46 CDT 2015,0.396484375
Thu Apr 09 08:51:48 CDT 2015,2.0625
Thu Apr 09 08:51:50 CDT 2015,1.01953125
Thu Apr 09 08:51:51 CDT 2015,0.3359375
Thu Apr 09 08:51:52 CDT 2015,0.9375
Thu Apr 09 08:51:55 CDT 2015,1.822265625
Thu Apr 09 08:51:56 CDT 2015,0.2919921875
Thu Apr 09 08:51:57 CDT 2015,0.3515625
Thu Apr 09 08:51:59 CDT 2015,2.3359375
Thu Apr 09 08:52:00 CDT 2015,0.28515625
Thu Apr 09 08:52:01 CDT 2015,0.291015625
Thu Apr 09 08:52:02 CDT 2015,0.3828125
Thu Apr 09 08:52:03 CDT 2015,0.431640625
Thu Apr 09 08:52:07 CDT 2015,1.3645833333333333
Thu Apr 09 08:52:08 CDT 2015,0.4296875
Thu Apr 09 08:52:09 CDT 2015,1.40234375
Thu Apr 09 08:52:12 CDT 2015,2.94140625
Thu Apr 09 08:52:13 CDT 2015,0.3173828125
Thu Apr 09 08:52:14 CDT 2015,0.3020833333333333
Thu Apr 09 08:52:17 CDT 2015,3.09765625
Thu Apr 09 08:52:18 CDT 2015,0.306640625
Thu Apr 09 08:52:19 CDT 2015,0.39453125
Thu Apr 09 08:52:20 CDT 2015,1.19140625
Thu Apr 09 08:52:21 CDT 2015,0.49609375
Thu Apr 09 08:52:23 CDT 2015,2.03515625
Thu Apr 09 08:52:24 CDT 2015,0.30859375
Thu Apr 09 08:52:25 CDT 2015,0.56640625
Thu Apr 09 08:52:26 CDT 2015,1.44140625
Thu Apr 09 08:52:27 CDT 2015,0.4375
Thu Apr 09 08:52:29 CDT 2015,0.888671875
Thu Apr 09 08:52:32 CDT 2015,1.759765625
Thu Apr 09 08:52:33 CDT 2015,0.3020833333333333
Thu Apr 09 08:52:34 CDT 2015,0.2903645833333333
Thu Apr 09 08:52:36 CDT 2015,1.5390625
Thu Apr 09 08:52:39 CDT 2015,1.2161458333333333
Thu Apr 09 08:52:40 CDT 2015,0.375
Thu Apr 09 08:52:41 CDT 2015,0.52734375
Thu Apr 09 08:52:42 CDT 2015,0.638671875
Thu Apr 09 08:52:44 CDT 2015,1.12890625
Thu Apr 09 08:52:45 CDT 2015,0.3046875
Thu Apr 09 08:52:46 CDT 2015,1.44921875
Thu Apr 09 08:52:48 CDT 2015,2.4375
Thu Apr 09 08:52:49 CDT 2015,0.3229166666666667
Thu Apr 09 08:52:51 CDT 2015,2.03125
Thu Apr 09 08:52:52 CDT 2015,0.2721354166666667
Thu Apr 09 08:52:53 CDT 2015,0.3919270833333333
Thu Apr 09 08:52:54 CDT 2015,0.44921875
Thu Apr 09 08:52:55 CDT 2015,0.3151041666666667
Thu Apr 09 08:52:56 CDT 2015,0.5546875
Thu Apr 09 08:52:57 CDT 2015,0.26953125
Thu Apr 09 08:52:58 CDT 2015,0.59765625
Thu Apr 09 08:52:59 CDT 2015,0.291015625
Thu Apr 09 08:53:00 CDT 2015,0.99609375
Thu Apr 09 08:53:02 CDT 2015,1.859375
Thu Apr 09 08:53:04 CDT 2015,1.244140625
Thu Apr 09 08:53:05 CDT 2015,0.3151041666666667
Thu Apr 09 08:53:07 CDT 2015,1.083984375
Thu Apr 09 08:53:08 CDT 2015,0.72265625
Thu Apr 09 08:53:10 CDT 2015,1.142578125
Thu Apr 09 08:53:11 CDT 2015,0.26953125
Thu Apr 09 08:53:13 CDT 2015,0.86328125
Thu Apr 09 08:53:14 CDT 2015,0.50390625
Thu Apr 09 08:53:15 CDT 2015,0.279296875
Thu Apr 09 08:53:16 CDT 2015,0.78125
Thu Apr 09 08:53:18 CDT 2015,1.890625
Thu Apr 09 08:53:19 CDT 2015,1.7890625
Thu Apr 09 08:53:22 CDT 2015,1.525390625
Thu Apr 09 08:53:23 CDT 2015,0.26953125
Thu Apr 09 08:53:25 CDT 2015,1.69140625
Thu Apr 09 08:53:26 CDT 2015,0.5
Thu Apr 09 08:53:27 CDT 2015,0.443359375
Thu Apr 09 08:53:30 CDT 2015,2.796875
Thu Apr 09 08:53:31 CDT 2015,0.31640625
Thu Apr 09 08:53:32 CDT 2015,0.921875
Thu Apr 09 08:53:33 CDT 2015,0.51953125
Thu Apr 09 08:53:34 CDT 2015,0.33984375
Thu Apr 09 08:53:35 CDT 2015,0.26953125
Thu Apr 09 08:53:37 CDT 2015,1.33984375
Thu Apr 09 08:53:38 CDT 2015,0.26953125
Thu Apr 09 08:53:39 CDT 2015,1.16796875
Thu Apr 09 08:53:40 CDT 2015,1.234375
Thu Apr 09 08:53:41 CDT 2015,0.45703125
Thu Apr 09 08:53:44 CDT 2015,0.953125
Thu Apr 09 08:53:45 CDT 2015,0.44921875
Thu Apr 09 08:53:46 CDT 2015,0.359375
Thu Apr 09 08:53:48 CDT 2015,2.9296875
Thu Apr 09 08:53:49 CDT 2015,0.76171875
Thu Apr 09 08:53:50 CDT 2015,0.57421875
Thu Apr 09 08:53:51 CDT 2015,1.078125
Thu Apr 09 08:53:52 CDT 2015,0.400390625
Thu Apr 09 08:53:55 CDT 2015,2.31640625
Thu Apr 09 08:53:57 CDT 2015,1.4453125
Thu Apr 09 08:53:58 CDT 2015,0.98828125
Thu Apr 09 08:54:06 CDT 2015,3.99609375
Thu Apr 09 08:54:07 CDT 2015,0.546875
Thu Apr 09 08:54:08 CDT 2015,0.35546875
Thu Apr 09 08:54:09 CDT 2015,1.14453125
Thu Apr 09 08:54:10 CDT 2015,0.322265625
Thu Apr 09 08:54:12 CDT 2015,0.80859375
Thu Apr 09 08:54:13 CDT 2015,0.439453125
Thu Apr 09 08:54:15 CDT 2015,2.1484375
Thu Apr 09 08:54:16 CDT 2015,0.296875
Thu Apr 09 08:54:17 CDT 2015,0.6640625
Thu Apr 09 08:54:18 CDT 2015,0.3372395833333333
Thu Apr 09 08:54:19 CDT 2015,0.41015625
Thu Apr 09 08:54:21 CDT 2015,2.30859375
Thu Apr 09 08:54:24 CDT 2015,1.349609375
Thu Apr 09 08:54:25 CDT 2015,0.41796875
Thu Apr 09 08:54:26 CDT 2015,0.849609375
Thu Apr 09 08:54:27 CDT 2015,0.388671875
Thu Apr 09 08:54:28 CDT 2015,0.49609375
Thu Apr 09 08:54:29 CDT 2015,1.05859375
Thu Apr 09 08:54:30 CDT 2015,1.375
Thu Apr 09 08:54:31 CDT 2015,0.6484375
Thu Apr 09 08:54:32 CDT 2015,0.99609375
Thu Apr 09 08:54:33 CDT 2015,0.51953125
Thu Apr 09 08:54:36 CDT 2015,1.625
Thu Apr 09 08:54:39 CDT 2015,1.65625
Thu Apr 09 08:54:40 CDT 2015,0.42578125
Thu Apr 09 08:54:41 CDT 2015,1.69140625
Thu Apr 09 08:54:42 CDT 2015,0.66796875
Thu Apr 09 08:54:43 CDT 2015,0.50390625
Thu Apr 09 08:54:44 CDT 2015,1.21484375
Thu Apr 09 08:54:45 CDT 2015,0.8515625
Thu Apr 09 08:54:47 CDT 2015,1.3671875
Thu Apr 09 08:54:48 CDT 2015,0.306640625
Thu Apr 09 08:54:52 CDT 2015,3.99609375
Thu Apr 09 08:54:53 CDT 2015,0.734375
Thu Apr 09 08:54:54 CDT 2015,0.71484375
Thu Apr 09 08:54:55 CDT 2015,0.5572916666666666
Thu Apr 09 08:54:58 CDT 2015,1.48046875
Thu Apr 09 08:54:59 CDT 2015,0.36328125
Thu Apr 09 08:55:03 CDT 2015,3.9375
Thu Apr 09 08:55:04 CDT 2015,0.62109375
Thu Apr 09 08:55:05 CDT 2015,0.33203125
Thu Apr 09 08:55:06 CDT 2015,0.328125
Thu Apr 09 08:55:07 CDT 2015,0.26953125
Thu Apr 09 08:55:08 CDT 2015,0.5390625
Thu Apr 09 08:55:10 CDT 2015,1.7109375
Thu Apr 09 08:55:12 CDT 2015,2.12890625
Thu Apr 09 08:55:13 CDT 2015,0.65234375
Thu Apr 09 08:55:16 CDT 2015,1.2643229166666667
Thu Apr 09 08:55:18 CDT 2015,1.1796875
Thu Apr 09 08:55:19 CDT 2015,0.52734375
Thu Apr 09 08:55:20 CDT 2015,1.1484375
Thu Apr 09 08:55:21 CDT 2015,0.36328125
Thu Apr 09 08:55:23 CDT 2015,1.36328125
Thu Apr 09 08:55:24 CDT 2015,0.546875
Thu Apr 09 08:55:27 CDT 2015,1.1588541666666667
Thu Apr 09 08:55:29 CDT 2015,1.7421875
Thu Apr 09 08:55:32 CDT 2015,1.62890625
Thu Apr 09 08:55:33 CDT 2015,0.28515625
Thu Apr 09 08:55:34 CDT 2015,0.3268229166666667
Thu Apr 09 08:55:35 CDT 2015,0.365234375
Thu Apr 09 08:55:37 CDT 2015,2.30078125
Thu Apr 09 08:55:38 CDT 2015,0.572265625
Thu Apr 09 08:55:39 CDT 2015,0.359375
Thu Apr 09 08:55:44 CDT 2015,1.6184895833333333
Thu Apr 09 08:56:55 CDT 2015,1.5325520833333333
Thu Apr 09 08:56:56 CDT 2015,0.765625
Thu Apr 09 08:56:58 CDT 2015,0.806640625
Thu Apr 09 08:56:59 CDT 2015,0.5052083333333334
Thu Apr 09 08:57:00 CDT 2015,0.2734375
Thu Apr 09 08:57:01 CDT 2015,0.337890625
Thu Apr 09 08:57:05 CDT 2015,1.4895833333333333
Thu Apr 09 08:57:06 CDT 2015,0.55078125
Thu Apr 09 08:57:07 CDT 2015,1.3125
Thu Apr 09 08:57:08 CDT 2015,1.078125
Thu Apr 09 08:57:09 CDT 2015,0.302734375
Thu Apr 09 08:57:12 CDT 2015,0.8837890625
Thu Apr 09 08:57:13 CDT 2015,0.5859375
Thu Apr 09 08:57:14 CDT 2015,1.01171875
Thu Apr 09 08:57:16 CDT 2015,1.08203125
Thu Apr 09 08:57:18 CDT 2015,1.06640625
Thu Apr 09 08:57:19 CDT 2015,0.3580729166666667
Thu Apr 09 08:57:20 CDT 2015,0.3515625
Thu Apr 09 08:57:22 CDT 2015,2.07421875
Thu Apr 09 08:57:23 CDT 2015,0.70703125
Thu Apr 09 08:57:25 CDT 2015,1.85546875
Thu Apr 09 08:57:27 CDT 2015,0.84375
Thu Apr 09 08:57:28 CDT 2015,0.2734375
Thu Apr 09 08:57:30 CDT 2015,0.7265625
Thu Apr 09 08:57:31 CDT 2015,0.43359375
Thu Apr 09 08:57:32 CDT 2015,1.12890625
Thu Apr 09 08:57:33 CDT 2015,1.296875
Thu Apr 09 08:57:34 CDT 2015,0.37109375
Thu Apr 09 08:57:37 CDT 2015,1.689453125
Thu Apr 09 08:57:38 CDT 2015,0.6796875
Thu Apr 09 08:57:39 CDT 2015,1.15625
Thu Apr 09 08:57:40 CDT 2015,0.5221354166666666
Thu Apr 09 08:57:41 CDT 2015,0.29296875
Thu Apr 09 08:57:42 CDT 2015,0.859375
Thu Apr 09 08:57:44 CDT 2015,1.39453125
Thu Apr 09 08:57:45 CDT 2015,0.400390625
Thu Apr 09 08:57:46 CDT 2015,0.33203125
Thu Apr 09 08:57:48 CDT 2015,0.8997395833333334
Thu Apr 09 08:57:49 CDT 2015,0.26953125
Thu Apr 09 08:57:50 CDT 2015,0.95703125
Thu Apr 09 08:57:51 CDT 2015,0.73046875
Thu Apr 09 08:57:52 CDT 2015,0.3307291666666667
Thu Apr 09 08:57:56 CDT 2015,1.935546875
Thu Apr 09 08:57:58 CDT 2015,1.953125
Thu Apr 09 08:58:00 CDT 2015,1.146484375
Thu Apr 09 08:58:01 CDT 2015,0.40234375
Thu Apr 09 08:58:02 CDT 2015,0.27734375
Thu Apr 09 08:58:03 CDT 2015,1.2734375
Thu Apr 09 08:58:04 CDT 2015,0.4244791666666667
Thu Apr 09 08:58:05 CDT 2015,0.578125
Thu Apr 09 08:58:06 CDT 2015,0.75390625
Thu Apr 09 08:58:09 CDT 2015,3.13671875
Thu Apr 09 08:58:10 CDT 2015,0.2903645833333333
Thu Apr 09 08:58:11 CDT 2015,0.408203125
Thu Apr 09 08:58:12 CDT 2015,0.50390625
Thu Apr 09 08:58:15 CDT 2015,1.861328125
Thu Apr 09 08:58:16 CDT 2015,0.3723958333333333
Thu Apr 09 08:58:18 CDT 2015,1.0
Thu Apr 09 08:58:19 CDT 2015,0.3984375
Thu Apr 09 08:58:21 CDT 2015,2.125
Thu Apr 09 08:58:23 CDT 2015,0.6692708333333334
Thu Apr 09 08:58:24 CDT 2015,0.2916666666666667
Thu Apr 09 08:58:26 CDT 2015,2.31640625
Thu Apr 09 08:58:27 CDT 2015,0.47265625
Thu Apr 09 08:58:28 CDT 2015,0.30078125
Thu Apr 09 08:58:29 CDT 2015,0.4518229166666667
Thu Apr 09 08:58:32 CDT 2015,1.34765625
Thu Apr 09 08:58:33 CDT 2015,0.5625
Thu Apr 09 08:58:34 CDT 2015,0.67578125
Thu Apr 09 08:58:36 CDT 2015,0.79296875
Thu Apr 09 08:58:39 CDT 2015,0.9908854166666666
Thu Apr 09 08:58:40 CDT 2015,0.4049479166666667
Thu Apr 09 08:58:42 CDT 2015,1.94140625
Thu Apr 09 08:58:44 CDT 2015,0.982421875
Thu Apr 09 08:58:45 CDT 2015,0.31640625
Thu Apr 09 08:58:46 CDT 2015,0.4947916666666667
Thu Apr 09 08:58:47 CDT 2015,0.396484375
Thu Apr 09 08:58:48 CDT 2015,0.828125
Thu Apr 09 08:58:49 CDT 2015,0.5625
Thu Apr 09 08:58:50 CDT 2015,0.26953125
Thu Apr 09 08:58:51 CDT 2015,0.26953125
Thu Apr 09 08:58:53 CDT 2015,0.720703125
Thu Apr 09 08:58:54 CDT 2015,0.58984375
Thu Apr 09 08:58:56 CDT 2015,1.90234375
Thu Apr 09 08:58:59 CDT 2015,1.685546875
Thu Apr 09 08:59:00 CDT 2015,0.2822265625
Thu Apr 09 08:59:01 CDT 2015,0.4140625
Thu Apr 09 08:59:03 CDT 2015,1.240234375
Thu Apr 09 08:59:05 CDT 2015,0.982421875
Thu Apr 09 08:59:07 CDT 2015,0.6966145833333334
Thu Apr 09 08:59:08 CDT 2015,0.26953125
Thu Apr 09 08:59:09 CDT 2015,1.41796875
Thu Apr 09 08:59:10 CDT 2015,0.708984375
Thu Apr 09 08:59:12 CDT 2015,0.62890625
Thu Apr 09 08:59:13 CDT 2015,0.3359375
Thu Apr 09 08:59:17 CDT 2015,3.99609375
Thu Apr 09 08:59:18 CDT 2015,0.46875
Thu Apr 09 08:59:19 CDT 2015,1.796875
Thu Apr 09 08:59:22 CDT 2015,2.0546875
Thu Apr 09 08:59:24 CDT 2015,0.8645833333333334
Thu Apr 09 08:59:25 CDT 2015,0.484375
Thu Apr 09 08:59:26 CDT 2015,0.708984375
Thu Apr 09 08:59:27 CDT 2015,0.41796875
Thu Apr 09 08:59:28 CDT 2015,0.421875
Thu Apr 09 08:59:29 CDT 2015,1.07421875
Thu Apr 09 08:59:30 CDT 2015,0.529296875
Thu Apr 09 08:59:31 CDT 2015,0.94140625
Thu Apr 09 08:59:32 CDT 2015,0.3046875
Thu Apr 09 08:59:34 CDT 2015,0.9088541666666666
Thu Apr 09 08:59:35 CDT 2015,1.16796875
Thu Apr 09 08:59:36 CDT 2015,0.34765625
Thu Apr 09 08:59:38 CDT 2015,2.17578125
Thu Apr 09 08:59:39 CDT 2015,0.3736979166666667
Thu Apr 09 08:59:40 CDT 2015,0.5078125
Thu Apr 09 08:59:42 CDT 2015,1.12890625
Thu Apr 09 08:59:43 CDT 2015,0.3671875
Thu Apr 09 08:59:44 CDT 2015,1.4453125
Thu Apr 09 08:59:45 CDT 2015,0.6328125
Thu Apr 09 08:59:46 CDT 2015,0.26953125
Thu Apr 09 08:59:48 CDT 2015,0.921875
Thu Apr 09 08:59:49 CDT 2015,0.26953125
Thu Apr 09 08:59:50 CDT 2015,0.96484375
Thu Apr 09 08:59:51 CDT 2015,0.958984375
Thu Apr 09 08:59:52 CDT 2015,0.37890625
Thu Apr 09 08:59:53 CDT 2015,0.3346354166666667
Thu Apr 09 08:59:54 CDT 2015,0.412109375
Thu Apr 09 08:59:56 CDT 2015,1.58984375
Thu Apr 09 08:59:59 CDT 2015,1.2395833333333333
Thu Apr 09 09:00:00 CDT 2015,0.73828125
Thu Apr 09 09:00:01 CDT 2015,0.40234375
Thu Apr 09 09:00:02 CDT 2015,0.287109375
Thu Apr 09 09:00:03 CDT 2015,0.4765625
Thu Apr 09 09:00:04 CDT 2015,0.4140625
Thu Apr 09 09:00:05 CDT 2015,0.3515625
Thu Apr 09 09:00:06 CDT 2015,1.7734375
Thu Apr 09 09:00:07 CDT 2015,0.31640625
Thu Apr 09 09:00:08 CDT 2015,0.3984375
Thu Apr 09 09:00:09 CDT 2015,0.611328125
Thu Apr 09 09:00:10 CDT 2015,0.4388020833333333
Thu Apr 09 09:00:11 CDT 2015,0.34765625
Thu Apr 09 09:00:12 CDT 2015,0.4947916666666667
Thu Apr 09 09:00:14 CDT 2015,0.82421875
Thu Apr 09 09:00:15 CDT 2015,0.6875
Thu Apr 09 09:00:16 CDT 2015,0.634765625
Thu Apr 09 09:00:17 CDT 2015,0.85546875
Thu Apr 09 09:00:19 CDT 2015,1.12109375
Thu Apr 09 09:00:22 CDT 2015,3.2890625
Thu Apr 09 09:00:23 CDT 2015,0.2747395833333333
Thu Apr 09 09:00:24 CDT 2015,0.3255208333333333
Thu Apr 09 09:00:25 CDT 2015,0.3736979166666667
Thu Apr 09 09:00:26 CDT 2015,0.33203125
Thu Apr 09 09:00:27 CDT 2015,0.84375
Thu Apr 09 09:00:28 CDT 2015,1.77734375
Thu Apr 09 09:00:29 CDT 2015,0.2981770833333333
Thu Apr 09 09:00:32 CDT 2015,1.02734375
Thu Apr 09 09:00:33 CDT 2015,0.7890625
Thu Apr 09 09:00:34 CDT 2015,0.3333333333333333
Thu Apr 09 09:00:35 CDT 2015,0.681640625
Thu Apr 09 09:00:36 CDT 2015,0.9140625
Thu Apr 09 09:00:38 CDT 2015,1.75390625
Thu Apr 09 09:00:39 CDT 2015,0.4921875
Thu Apr 09 09:00:41 CDT 2015,2.328125
Thu Apr 09 09:00:42 CDT 2015,0.58984375
Thu Apr 09 09:00:45 CDT 2015,1.892578125
Thu Apr 09 09:00:46 CDT 2015,0.33203125
Thu Apr 09 09:00:47 CDT 2015,0.3111979166666667
Thu Apr 09 09:00:48 CDT 2015,0.30859375
Thu Apr 09 09:00:49 CDT 2015,0.4912109375
Thu Apr 09 09:00:50 CDT 2015,0.33203125
Thu Apr 09 09:00:53 CDT 2015,3.10546875
Thu Apr 09 09:00:55 CDT 2015,2.5078125
Thu Apr 09 09:00:56 CDT 2015,0.3125
Thu Apr 09 09:01:00 CDT 2015,3.99609375
Thu Apr 09 09:01:01 CDT 2015,0.3111979166666667
Thu Apr 09 09:01:04 CDT 2015,0.96484375
Thu Apr 09 09:01:05 CDT 2015,0.3697916666666667
Thu Apr 09 09:01:06 CDT 2015,0.2724609375
Thu Apr 09 09:01:07 CDT 2015,0.36328125
Thu Apr 09 09:01:08 CDT 2015,0.8125
Thu Apr 09 09:01:10 CDT 2015,1.86328125
Thu Apr 09 09:01:11 CDT 2015,0.84375
Thu Apr 09 09:01:12 CDT 2015,0.5703125
Thu Apr 09 09:01:13 CDT 2015,0.47265625
Thu Apr 09 09:01:14 CDT 2015,0.6875
Thu Apr 09 09:01:15 CDT 2015,1.1875
Thu Apr 09 09:01:17 CDT 2015,2.09765625
Thu Apr 09 09:01:19 CDT 2015,1.03515625
Thu Apr 09 09:01:20 CDT 2015,0.947265625
Thu Apr 09 09:01:21 CDT 2015,0.48046875
Thu Apr 09 09:01:23 CDT 2015,1.61328125
Thu Apr 09 09:01:24 CDT 2015,0.5859375
Thu Apr 09 09:01:25 CDT 2015,0.484375
Thu Apr 09 09:01:26 CDT 2015,0.7578125
Thu Apr 09 09:01:27 CDT 2015,0.466796875
Thu Apr 09 09:01:28 CDT 2015,1.234375
Thu Apr 09 09:01:30 CDT 2015,0.78515625
Thu Apr 09 09:01:31 CDT 2015,0.3740234375
Thu Apr 09 09:01:32 CDT 2015,0.501953125
Thu Apr 09 09:01:33 CDT 2015,0.55859375
Thu Apr 09 09:01:34 CDT 2015,0.26953125
Thu Apr 09 09:01:36 CDT 2015,1.8515625
Thu Apr 09 09:01:37 CDT 2015,0.908203125
Thu Apr 09 09:01:38 CDT 2015,0.8046875
Thu Apr 09 09:01:39 CDT 2015,0.97265625
Thu Apr 09 09:01:41 CDT 2015,0.986328125
Thu Apr 09 09:01:42 CDT 2015,1.30078125
Thu Apr 09 09:01:43 CDT 2015,0.49609375
Thu Apr 09 09:01:45 CDT 2015,1.8125
Thu Apr 09 09:01:46 CDT 2015,0.48828125
Thu Apr 09 09:01:47 CDT 2015,1.109375
Thu Apr 09 09:01:48 CDT 2015,0.80078125
Thu Apr 09 09:01:52 CDT 2015,3.99609375
Thu Apr 09 09:01:53 CDT 2015,0.3489583333333333
Thu Apr 09 09:01:54 CDT 2015,0.30859375
Thu Apr 09 09:01:59 CDT 2015,1.5247395833333333
Thu Apr 09 09:02:00 CDT 2015,0.37890625
Thu Apr 09 09:02:01 CDT 2015,0.455078125
Thu Apr 09 09:02:02 CDT 2015,0.3567708333333333
Thu Apr 09 09:02:03 CDT 2015,0.3359375
Thu Apr 09 09:02:04 CDT 2015,0.5546875
Thu Apr 09 09:02:05 CDT 2015,1.24609375
Thu Apr 09 09:02:06 CDT 2015,0.34375
Thu Apr 09 09:02:08 CDT 2015,0.7903645833333334
Thu Apr 09 09:02:09 CDT 2015,0.515625
Thu Apr 09 09:02:12 CDT 2015,0.9091796875
Thu Apr 09 09:02:15 CDT 2015,2.34375
Thu Apr 09 09:02:16 CDT 2015,0.623046875
Thu Apr 09 09:02:17 CDT 2015,0.63671875
Thu Apr 09 09:02:18 CDT 2015,0.31640625
Thu Apr 09 09:02:19 CDT 2015,0.6640625
Thu Apr 09 09:02:20 CDT 2015,1.0625
Thu Apr 09 09:02:22 CDT 2015,1.392578125
Thu Apr 09 09:02:23 CDT 2015,0.353515625
Thu Apr 09 09:02:25 CDT 2015,0.5546875
Thu Apr 09 09:02:26 CDT 2015,0.98046875
Thu Apr 09 09:02:27 CDT 2015,1.1015625
Thu Apr 09 09:02:28 CDT 2015,0.3346354166666667
Thu Apr 09 09:02:30 CDT 2015,1.29296875
Thu Apr 09 09:02:32 CDT 2015,2.34375
Thu Apr 09 09:02:33 CDT 2015,0.4466145833333333
Thu Apr 09 09:02:34 CDT 2015,0.3046875
Thu Apr 09 09:02:35 CDT 2015,0.55859375
Thu Apr 09 09:02:36 CDT 2015,0.6484375
Thu Apr 09 09:02:37 CDT 2015,0.9296875
Thu Apr 09 09:02:38 CDT 2015,0.27734375
Thu Apr 09 09:02:40 CDT 2015,2.4453125
Thu Apr 09 09:02:41 CDT 2015,0.38671875
Thu Apr 09 09:02:42 CDT 2015,1.30078125
Thu Apr 09 09:02:43 CDT 2015,1.5703125
Thu Apr 09 09:02:45 CDT 2015,1.25
Thu Apr 09 09:02:46 CDT 2015,0.697265625
Thu Apr 09 09:02:48 CDT 2015,1.94140625
Thu Apr 09 09:02:49 CDT 2015,0.4596354166666667
Thu Apr 09 09:02:50 CDT 2015,0.28515625
Thu Apr 09 09:02:51 CDT 2015,0.33984375
Thu Apr 09 09:02:52 CDT 2015,1.30859375
Thu Apr 09 09:02:53 CDT 2015,0.55859375
Thu Apr 09 09:02:54 CDT 2015,0.328125
Thu Apr 09 09:02:57 CDT 2015,1.0703125
Thu Apr 09 09:02:58 CDT 2015,0.2861328125
Thu Apr 09 09:02:59 CDT 2015,0.48828125
Thu Apr 09 09:03:00 CDT 2015,0.296875
Thu Apr 09 09:03:02 CDT 2015,2.390625
Thu Apr 09 09:03:03 CDT 2015,0.66015625
Thu Apr 09 09:03:04 CDT 2015,1.54296875
Thu Apr 09 09:03:05 CDT 2015,0.3828125
Thu Apr 09 09:03:06 CDT 2015,0.5442708333333334
Thu Apr 09 09:03:09 CDT 2015,3.12890625
Thu Apr 09 09:03:11 CDT 2015,0.974609375
Thu Apr 09 09:03:12 CDT 2015,0.3229166666666667
Thu Apr 09 09:03:13 CDT 2015,0.3450520833333333
Thu Apr 09 09:03:14 CDT 2015,0.2763671875
Thu Apr 09 09:03:15 CDT 2015,0.26953125
Thu Apr 09 09:03:18 CDT 2015,2.91015625
Thu Apr 09 09:03:20 CDT 2015,1.3046875
Thu Apr 09 09:03:22 CDT 2015,0.6536458333333334
Thu Apr 09 09:03:23 CDT 2015,0.484375
Thu Apr 09 09:03:25 CDT 2015,0.8424479166666666
Thu Apr 09 09:03:28 CDT 2015,2.16015625
Thu Apr 09 09:03:30 CDT 2015,1.43359375
Thu Apr 09 09:03:31 CDT 2015,0.3020833333333333
Thu Apr 09 09:03:32 CDT 2015,0.3098958333333333
Thu Apr 09 09:03:33 CDT 2015,0.306640625
Thu Apr 09 09:03:36 CDT 2015,2.7734375
Thu Apr 09 09:03:37 CDT 2015,0.578125
Thu Apr 09 09:03:38 CDT 2015,0.2734375
Thu Apr 09 09:03:39 CDT 2015,0.37890625
Thu Apr 09 09:03:40 CDT 2015,1.77734375
Thu Apr 09 09:03:41 CDT 2015,0.3046875
Thu Apr 09 09:03:42 CDT 2015,0.3333333333333333
Thu Apr 09 09:03:43 CDT 2015,0.5234375
Thu Apr 09 09:03:45 CDT 2015,0.8515625
Thu Apr 09 09:03:46 CDT 2015,0.29296875
Thu Apr 09 09:03:47 CDT 2015,0.33984375
Thu Apr 09 09:03:49 CDT 2015,2.8046875
Thu Apr 09 09:03:50 CDT 2015,0.390625
Thu Apr 09 09:03:52 CDT 2015,0.5595703125
Thu Apr 09 09:03:53 CDT 2015,0.30859375
Thu Apr 09 09:03:54 CDT 2015,0.8359375
Thu Apr 09 09:03:55 CDT 2015,1.14453125
Thu Apr 09 09:03:56 CDT 2015,1.0234375
Thu Apr 09 09:03:57 CDT 2015,0.76953125
Thu Apr 09 09:03:58 CDT 2015,0.8828125
Thu Apr 09 09:03:59 CDT 2015,0.537109375
Thu Apr 09 09:04:02 CDT 2015,1.02734375
Thu Apr 09 09:04:03 CDT 2015,0.38671875
Thu Apr 09 09:04:04 CDT 2015,0.41796875
Thu Apr 09 09:04:06 CDT 2015,1.455078125
Thu Apr 09 09:04:07 CDT 2015,0.26953125
Thu Apr 09 09:04:08 CDT 2015,1.27734375
Thu Apr 09 09:04:09 CDT 2015,0.50390625
Thu Apr 09 09:04:11 CDT 2015,1.025390625
Thu Apr 09 09:04:18 CDT 2015,3.99609375
Thu Apr 09 09:04:21 CDT 2015,3.02734375
Thu Apr 09 09:04:22 CDT 2015,0.72265625
Thu Apr 09 09:04:23 CDT 2015,0.5651041666666666
Thu Apr 09 09:04:24 CDT 2015,1.046875
Thu Apr 09 09:04:25 CDT 2015,0.51171875
Thu Apr 09 09:04:26 CDT 2015,0.34375
Thu Apr 09 09:04:27 CDT 2015,0.458984375
Thu Apr 09 09:04:28 CDT 2015,0.57421875
Thu Apr 09 09:04:29 CDT 2015,0.619140625
Thu Apr 09 09:04:30 CDT 2015,0.56640625
Thu Apr 09 09:04:31 CDT 2015,0.49609375
Thu Apr 09 09:04:32 CDT 2015,1.6484375
Thu Apr 09 09:04:33 CDT 2015,0.546875
Thu Apr 09 09:04:34 CDT 2015,0.48828125
Thu Apr 09 09:04:36 CDT 2015,1.34765625
Thu Apr 09 09:04:39 CDT 2015,0.96484375
Thu Apr 09 09:04:40 CDT 2015,0.484375
Thu Apr 09 09:04:41 CDT 2015,0.568359375
Thu Apr 09 09:04:43 CDT 2015,0.857421875
Thu Apr 09 09:04:44 CDT 2015,0.40234375
Thu Apr 09 09:04:45 CDT 2015,1.4765625
Thu Apr 09 09:04:46 CDT 2015,0.41796875
Thu Apr 09 09:04:47 CDT 2015,0.26953125
Thu Apr 09 09:04:48 CDT 2015,0.8828125
Thu Apr 09 09:04:49 CDT 2015,0.30078125
Thu Apr 09 09:04:52 CDT 2015,3.26953125
Thu Apr 09 09:04:53 CDT 2015,0.63671875
Thu Apr 09 09:04:55 CDT 2015,1.6640625
Thu Apr 09 09:04:57 CDT 2015,2.0
Thu Apr 09 09:04:59 CDT 2015,2.390625
Thu Apr 09 09:05:00 CDT 2015,0.4127604166666667
Thu Apr 09 09:05:01 CDT 2015,0.33203125
Thu Apr 09 09:05:02 CDT 2015,0.3984375
Thu Apr 09 09:05:04 CDT 2015,2.15625
Thu Apr 09 09:05:05 CDT 2015,0.330078125
Thu Apr 09 09:05:07 CDT 2015,0.8255208333333334
Thu Apr 09 09:05:08 CDT 2015,0.50390625
Thu Apr 09 09:05:09 CDT 2015,0.388671875
Thu Apr 09 09:05:10 CDT 2015,0.73046875
Thu Apr 09 09:05:12 CDT 2015,0.9088541666666666
Thu Apr 09 09:05:14 CDT 2015,1.265625
Thu Apr 09 09:05:15 CDT 2015,1.421875
Thu Apr 09 09:05:16 CDT 2015,0.587890625
Thu Apr 09 09:05:17 CDT 2015,0.26953125
Thu Apr 09 09:05:18 CDT 2015,1.34765625
Thu Apr 09 09:05:19 CDT 2015,0.580078125
Thu Apr 09 09:05:23 CDT 2015,3.95703125
Thu Apr 09 09:05:24 CDT 2015,0.490234375
Thu Apr 09 09:05:25 CDT 2015,1.1640625
Thu Apr 09 09:05:26 CDT 2015,0.400390625
Thu Apr 09 09:05:27 CDT 2015,1.2421875
Thu Apr 09 09:05:28 CDT 2015,0.29296875
Thu Apr 09 09:05:29 CDT 2015,0.2942708333333333
Thu Apr 09 09:05:30 CDT 2015,0.35546875
Thu Apr 09 09:05:33 CDT 2015,1.513671875
Thu Apr 09 09:05:34 CDT 2015,0.9140625
Thu Apr 09 09:05:40 CDT 2015,1.6171875
Thu Apr 09 09:05:41 CDT 2015,0.26953125
Thu Apr 09 09:05:42 CDT 2015,0.84375
Thu Apr 09 09:05:44 CDT 2015,1.6171875
Thu Apr 09 09:05:45 CDT 2015,0.50390625
Thu Apr 09 09:05:46 CDT 2015,0.5833333333333334
Thu Apr 09 09:05:47 CDT 2015,0.28515625
Thu Apr 09 09:05:48 CDT 2015,1.50390625
Thu Apr 09 09:05:49 CDT 2015,0.57421875
Thu Apr 09 09:05:52 CDT 2015,3.34765625
Thu Apr 09 09:05:53 CDT 2015,0.3841145833333333
Thu Apr 09 09:05:54 CDT 2015,0.5078125
Thu Apr 09 09:05:55 CDT 2015,0.2890625
Thu Apr 09 09:05:56 CDT 2015,0.54296875
Thu Apr 09 09:05:57 CDT 2015,0.29296875
Thu Apr 09 09:05:59 CDT 2015,0.9765625
Thu Apr 09 09:06:00 CDT 2015,0.3177083333333333
Thu Apr 09 09:06:01 CDT 2015,0.490234375
Thu Apr 09 09:06:06 CDT 2015,3.99609375
Thu Apr 09 09:06:07 CDT 2015,0.279296875
Thu Apr 09 09:06:08 CDT 2015,1.21875
Thu Apr 09 09:06:10 CDT 2015,0.734375
Thu Apr 09 09:06:11 CDT 2015,0.296875
Thu Apr 09 09:06:12 CDT 2015,0.2786458333333333
Thu Apr 09 09:06:13 CDT 2015,0.31640625
Thu Apr 09 09:06:14 CDT 2015,0.52734375
Thu Apr 09 09:06:15 CDT 2015,0.71875
Thu Apr 09 09:06:16 CDT 2015,0.9921875
Thu Apr 09 09:06:17 CDT 2015,1.05859375
Thu Apr 09 09:06:18 CDT 2015,1.36328125
Thu Apr 09 09:06:21 CDT 2015,2.17578125
Thu Apr 09 09:06:22 CDT 2015,1.20703125
Thu Apr 09 09:06:23 CDT 2015,0.771484375
Thu Apr 09 09:06:24 CDT 2015,0.408203125
Thu Apr 09 09:06:25 CDT 2015,0.38671875
Thu Apr 09 09:06:27 CDT 2015,1.578125
Thu Apr 09 09:06:29 CDT 2015,1.67578125
Thu Apr 09 09:06:30 CDT 2015,0.775390625
Thu Apr 09 09:06:31 CDT 2015,0.548828125
Thu Apr 09 09:06:32 CDT 2015,0.5078125
Thu Apr 09 09:06:33 CDT 2015,1.08203125
Thu Apr 09 09:06:35 CDT 2015,1.001953125
Thu Apr 09 09:06:36 CDT 2015,0.33203125
Thu Apr 09 09:06:37 CDT 2015,0.587890625
Thu Apr 09 09:06:38 CDT 2015,0.515625
Thu Apr 09 09:06:41 CDT 2015,1.822265625
Thu Apr 09 09:06:42 CDT 2015,0.3125
Thu Apr 09 09:06:43 CDT 2015,0.3190104166666667
Thu Apr 09 09:06:44 CDT 2015,0.3385416666666667
Thu Apr 09 09:06:45 CDT 2015,0.35546875
Thu Apr 09 09:06:47 CDT 2015,1.953125
Thu Apr 09 09:06:48 CDT 2015,0.890625
Thu Apr 09 09:06:49 CDT 2015,0.728515625
Thu Apr 09 09:06:50 CDT 2015,0.26953125
Thu Apr 09 09:06:52 CDT 2015,1.42578125
Thu Apr 09 09:06:53 CDT 2015,0.7578125
Thu Apr 09 09:06:55 CDT 2015,1.8984375
Thu Apr 09 09:06:56 CDT 2015,0.79296875
Thu Apr 09 09:06:57 CDT 2015,0.73046875
Thu Apr 09 09:06:58 CDT 2015,0.6302083333333334
Thu Apr 09 09:06:59 CDT 2015,0.474609375
Thu Apr 09 09:07:01 CDT 2015,0.5833333333333334
Thu Apr 09 09:07:02 CDT 2015,0.3203125
Thu Apr 09 09:07:03 CDT 2015,0.26953125
Thu Apr 09 09:07:04 CDT 2015,0.533203125
Thu Apr 09 09:07:05 CDT 2015,0.33984375
Thu Apr 09 09:07:06 CDT 2015,0.529296875
Thu Apr 09 09:07:07 CDT 2015,0.5703125
Thu Apr 09 09:07:08 CDT 2015,1.203125
Thu Apr 09 09:07:10 CDT 2015,0.890625
Thu Apr 09 09:07:12 CDT 2015,1.375
Thu Apr 09 09:07:13 CDT 2015,1.27734375
Thu Apr 09 09:07:16 CDT 2015,1.71875
Thu Apr 09 09:07:17 CDT 2015,0.3984375
Thu Apr 09 09:07:19 CDT 2015,1.56640625
Thu Apr 09 09:07:20 CDT 2015,0.359375
Thu Apr 09 09:07:21 CDT 2015,0.52734375
Thu Apr 09 09:07:23 CDT 2015,0.9088541666666666
Thu Apr 09 09:07:25 CDT 2015,1.1640625
Thu Apr 09 09:07:26 CDT 2015,1.15234375
Thu Apr 09 09:07:27 CDT 2015,0.5247395833333334
Thu Apr 09 09:07:29 CDT 2015,1.9140625
Thu Apr 09 09:07:30 CDT 2015,0.607421875
Thu Apr 09 09:07:31 CDT 2015,0.26953125
Thu Apr 09 09:07:32 CDT 2015,0.419921875
Thu Apr 09 09:07:35 CDT 2015,1.54296875
Thu Apr 09 09:07:36 CDT 2015,0.421875
Thu Apr 09 09:07:38 CDT 2015,2.02734375
Thu Apr 09 09:07:39 CDT 2015,0.26953125
Thu Apr 09 09:07:41 CDT 2015,0.9205729166666666
Thu Apr 09 09:07:43 CDT 2015,1.86328125
Thu Apr 09 09:07:47 CDT 2015,1.4140625
Thu Apr 09 09:07:48 CDT 2015,0.26953125
Thu Apr 09 09:07:49 CDT 2015,0.56640625
Thu Apr 09 09:07:50 CDT 2015,0.48046875
Thu Apr 09 09:07:51 CDT 2015,0.26953125
Thu Apr 09 09:07:53 CDT 2015,2.421875
Thu Apr 09 09:07:54 CDT 2015,0.3583984375
Thu Apr 09 09:07:55 CDT 2015,0.26953125
Thu Apr 09 09:07:58 CDT 2015,2.890625
Thu Apr 09 09:07:59 CDT 2015,1.15234375
Thu Apr 09 09:08:03 CDT 2015,1.4986979166666667
Thu Apr 09 09:08:17 CDT 2015,1.51171875
Thu Apr 09 09:08:18 CDT 2015,0.3307291666666667
Thu Apr 09 09:08:19 CDT 2015,0.3203125
Thu Apr 09 09:08:20 CDT 2015,0.935546875
Thu Apr 09 09:08:21 CDT 2015,0.29296875
Thu Apr 09 09:08:22 CDT 2015,0.359375
Thu Apr 09 09:08:26 CDT 2015,3.85546875
Thu Apr 09 09:08:29 CDT 2015,1.54296875
Thu Apr 09 09:08:30 CDT 2015,0.26953125
Thu Apr 09 09:08:32 CDT 2015,0.59765625
Thu Apr 09 09:08:35 CDT 2015,3.2734375
Thu Apr 09 09:08:36 CDT 2015,0.326171875
Thu Apr 09 09:08:37 CDT 2015,0.94140625
Thu Apr 09 09:08:38 CDT 2015,0.583984375
Thu Apr 09 09:08:39 CDT 2015,1.15625
Thu Apr 09 09:08:40 CDT 2015,0.91796875
Thu Apr 09 09:08:42 CDT 2015,2.0234375
Thu Apr 09 09:08:43 CDT 2015,0.478515625
Thu Apr 09 09:08:44 CDT 2015,0.560546875
Thu Apr 09 09:08:47 CDT 2015,1.423828125
Thu Apr 09 09:08:51 CDT 2015,3.99609375
Thu Apr 09 09:08:52 CDT 2015,0.2825520833333333
Thu Apr 09 09:08:53 CDT 2015,0.49609375
Thu Apr 09 09:08:55 CDT 2015,1.640625
Thu Apr 09 09:08:56 CDT 2015,1.53125
Thu Apr 09 09:08:57 CDT 2015,0.328125
Thu Apr 09 09:08:58 CDT 2015,1.140625
Thu Apr 09 09:09:00 CDT 2015,1.029296875
Thu Apr 09 09:09:01 CDT 2015,1.42578125
Thu Apr 09 09:09:02 CDT 2015,0.44140625
Thu Apr 09 09:09:03 CDT 2015,0.580078125
Thu Apr 09 09:09:04 CDT 2015,0.3190104166666667
Thu Apr 09 09:09:07 CDT 2015,1.234375
Thu Apr 09 09:09:08 CDT 2015,0.73828125
Thu Apr 09 09:09:09 CDT 2015,0.42578125
Thu Apr 09 09:09:10 CDT 2015,0.412109375
Thu Apr 09 09:09:11 CDT 2015,0.4231770833333333
Thu Apr 09 09:09:12 CDT 2015,0.3046875
Thu Apr 09 09:09:13 CDT 2015,0.41796875
Thu Apr 09 09:09:14 CDT 2015,1.70703125
Thu Apr 09 09:09:16 CDT 2015,0.794921875
Thu Apr 09 09:09:19 CDT 2015,1.6875
Thu Apr 09 09:09:20 CDT 2015,1.04296875
Thu Apr 09 09:09:23 CDT 2015,1.30078125
Thu Apr 09 09:09:24 CDT 2015,0.71484375
Thu Apr 09 09:09:27 CDT 2015,1.0052083333333333
Thu Apr 09 09:09:29 CDT 2015,1.88671875
Thu Apr 09 09:09:31 CDT 2015,1.087890625
Thu Apr 09 09:09:32 CDT 2015,0.5
Thu Apr 09 09:09:33 CDT 2015,0.607421875
Thu Apr 09 09:09:34 CDT 2015,0.83984375
Thu Apr 09 09:09:35 CDT 2015,0.7109375
Thu Apr 09 09:09:36 CDT 2015,1.6875
Thu Apr 09 09:09:37 CDT 2015,0.33984375
Thu Apr 09 09:09:38 CDT 2015,0.421875
Thu Apr 09 09:09:39 CDT 2015,0.3463541666666667
Thu Apr 09 09:09:40 CDT 2015,0.318359375
Thu Apr 09 09:09:42 CDT 2015,0.9453125
Thu Apr 09 09:09:43 CDT 2015,1.515625
Thu Apr 09 09:09:45 CDT 2015,1.828125
Thu Apr 09 09:09:46 CDT 2015,0.3919270833333333
Thu Apr 09 09:11:28 CDT 2015,3.99609375
Thu Apr 09 09:11:29 CDT 2015,0.3932291666666667
Thu Apr 09 09:11:30 CDT 2015,0.41015625
Thu Apr 09 09:11:32 CDT 2015,2.03515625
Thu Apr 09 09:11:33 CDT 2015,0.591796875
Thu Apr 09 09:11:36 CDT 2015,2.83984375
Thu Apr 09 09:11:37 CDT 2015,0.2864583333333333
Thu Apr 09 09:12:36 CDT 2015,2.216796875
Thu Apr 09 09:12:37 CDT 2015,0.3229166666666667
Thu Apr 09 09:12:38 CDT 2015,0.7734375
Thu Apr 09 09:12:39 CDT 2015,0.515625
Thu Apr 09 09:12:40 CDT 2015,0.466796875
Thu Apr 09 09:12:42 CDT 2015,1.09765625
Thu Apr 09 09:12:43 CDT 2015,0.31640625
Thu Apr 09 09:13:44 CDT 2015,3.99609375
Thu Apr 09 09:13:45 CDT 2015,0.68359375
Thu Apr 09 09:13:47 CDT 2015,1.74609375
Thu Apr 09 09:14:33 CDT 2015,1.640625
Thu Apr 09 09:14:34 CDT 2015,0.30859375
Thu Apr 09 09:14:36 CDT 2015,1.47265625
Thu Apr 09 09:14:37 CDT 2015,0.4912109375
Thu Apr 09 09:14:38 CDT 2015,0.416015625
Thu Apr 09 09:14:42 CDT 2015,3.79296875
Thu Apr 09 09:15:15 CDT 2015,3.99609375
Thu Apr 09 09:15:16 CDT 2015,0.3359375
Thu Apr 09 09:15:17 CDT 2015,0.666015625
Thu Apr 09 09:15:18 CDT 2015,0.61328125
Thu Apr 09 09:15:19 CDT 2015,0.529296875
Thu Apr 09 09:15:20 CDT 2015,0.4609375
Thu Apr 09 09:15:21 CDT 2015,0.94921875
Thu Apr 09 09:15:22 CDT 2015,0.564453125
Thu Apr 09 09:15:23 CDT 2015,0.3046875
Thu Apr 09 09:18:46 CDT 2015,3.99609375
Thu Apr 09 09:18:47 CDT 2015,0.26953125
Thu Apr 09 09:18:51 CDT 2015,1.14453125
Thu Apr 09 09:18:52 CDT 2015,0.291015625
Thu Apr 09 09:18:54 CDT 2015,2.16015625
Thu Apr 09 09:18:55 CDT 2015,0.30859375
Thu Apr 09 09:18:56 CDT 2015,1.96875
Thu Apr 09 09:18:57 CDT 2015,0.365234375
Thu Apr 09 09:18:58 CDT 2015,0.50390625
Thu Apr 09 09:18:59 CDT 2015,1.0234375
Thu Apr 09 09:19:00 CDT 2015,0.658203125
Thu Apr 09 09:19:01 CDT 2015,0.37109375
Thu Apr 09 09:19:02 CDT 2015,0.404296875
Thu Apr 09 09:19:03 CDT 2015,0.625
Thu Apr 09 09:19:05 CDT 2015,1.2109375
Thu Apr 09 09:19:07 CDT 2015,0.986328125
Thu Apr 09 09:19:08 CDT 2015,0.3828125
Thu Apr 09 09:19:09 CDT 2015,0.791015625
Thu Apr 09 09:19:10 CDT 2015,0.5234375
Thu Apr 09 09:19:14 CDT 2015,3.99609375
Thu Apr 09 09:19:17 CDT 2015,3.26953125
Thu Apr 09 09:19:18 CDT 2015,0.26953125
Thu Apr 09 09:19:19 CDT 2015,0.3251953125
Thu Apr 09 09:19:21 CDT 2015,0.96875
Thu Apr 09 09:19:22 CDT 2015,0.2861328125
Thu Apr 09 09:19:23 CDT 2015,0.26953125
Thu Apr 09 09:19:25 CDT 2015,2.515625
Thu Apr 09 09:19:26 CDT 2015,0.3671875
Thu Apr 09 09:19:30 CDT 2015,2.150390625
Thu Apr 09 09:19:32 CDT 2015,1.328125
Thu Apr 09 09:19:33 CDT 2015,0.8515625
Thu Apr 09 09:19:34 CDT 2015,0.396484375
Thu Apr 09 09:19:35 CDT 2015,0.568359375
Thu Apr 09 09:19:36 CDT 2015,0.275390625
Thu Apr 09 09:19:37 CDT 2015,0.724609375
Thu Apr 09 09:19:39 CDT 2015,0.6705729166666666
Thu Apr 09 09:19:40 CDT 2015,0.26953125
Thu Apr 09 09:19:41 CDT 2015,0.888671875
Thu Apr 09 09:19:43 CDT 2015,1.76171875
Thu Apr 09 09:19:44 CDT 2015,0.302734375
Thu Apr 09 09:19:46 CDT 2015,1.0703125
Thu Apr 09 09:19:47 CDT 2015,0.701171875
Thu Apr 09 09:19:49 CDT 2015,1.81640625
Thu Apr 09 09:19:50 CDT 2015,0.521484375
Thu Apr 09 09:19:54 CDT 2015,1.765625
Thu Apr 09 09:19:56 CDT 2015,2.5703125
Thu Apr 09 09:19:57 CDT 2015,0.3763020833333333
Thu Apr 09 09:19:58 CDT 2015,0.2942708333333333
Thu Apr 09 09:19:59 CDT 2015,0.341796875
Thu Apr 09 09:20:00 CDT 2015,1.01171875
Thu Apr 09 09:20:04 CDT 2015,2.13671875
Thu Apr 09 09:20:05 CDT 2015,0.26953125
Thu Apr 09 09:20:06 CDT 2015,0.744140625
Thu Apr 09 09:20:07 CDT 2015,0.5546875
Thu Apr 09 09:20:08 CDT 2015,0.556640625
Thu Apr 09 09:20:09 CDT 2015,0.29296875
Thu Apr 09 09:20:10 CDT 2015,0.40234375
Thu Apr 09 09:20:11 CDT 2015,0.2890625
Thu Apr 09 09:20:12 CDT 2015,0.31640625
Thu Apr 09 09:20:14 CDT 2015,1.037109375
Thu Apr 09 09:20:16 CDT 2015,2.06640625
Thu Apr 09 09:20:17 CDT 2015,0.279296875
Thu Apr 09 09:20:22 CDT 2015,3.99609375
Thu Apr 09 09:20:34 CDT 2015,3.99609375
Thu Apr 09 09:20:35 CDT 2015,0.38671875
Thu Apr 09 09:20:40 CDT 2015,3.99609375
Thu Apr 09 09:20:43 CDT 2015,2.546875
Thu Apr 09 09:20:44 CDT 2015,0.76953125
Thu Apr 09 09:20:45 CDT 2015,0.51953125
Thu Apr 09 09:20:46 CDT 2015,0.5390625
Thu Apr 09 09:20:47 CDT 2015,1.140625
Thu Apr 09 09:20:48 CDT 2015,0.53515625
Thu Apr 09 09:20:49 CDT 2015,0.830078125
Thu Apr 09 09:20:51 CDT 2015,1.28515625
Thu Apr 09 09:20:52 CDT 2015,0.875
Thu Apr 09 09:20:53 CDT 2015,0.41015625
Thu Apr 09 09:20:55 CDT 2015,1.19921875
Thu Apr 09 09:20:57 CDT 2015,2.22265625
Thu Apr 09 09:20:58 CDT 2015,0.26953125
Thu Apr 09 09:21:00 CDT 2015,2.125
Thu Apr 09 09:21:01 CDT 2015,0.26953125
Thu Apr 09 09:21:04 CDT 2015,1.923828125
Thu Apr 09 09:21:06 CDT 2015,0.8125
Thu Apr 09 09:21:09 CDT 2015,1.578125
Thu Apr 09 09:21:10 CDT 2015,0.52734375
Thu Apr 09 09:21:11 CDT 2015,1.33203125
Thu Apr 09 09:21:12 CDT 2015,0.46875
Thu Apr 09 09:21:13 CDT 2015,0.45703125
Thu Apr 09 09:21:15 CDT 2015,1.23046875
Thu Apr 09 09:21:16 CDT 2015,0.4921875
Thu Apr 09 09:21:17 CDT 2015,0.41796875
Thu Apr 09 09:21:19 CDT 2015,2.44140625
Thu Apr 09 09:21:20 CDT 2015,0.484375
Thu Apr 09 09:21:21 CDT 2015,0.99609375
Thu Apr 09 09:21:22 CDT 2015,1.4609375
Thu Apr 09 09:21:24 CDT 2015,0.9765625
Thu Apr 09 09:21:26 CDT 2015,0.7513020833333334
Thu Apr 09 09:21:28 CDT 2015,1.033203125
Thu Apr 09 09:21:30 CDT 2015,1.48828125
Thu Apr 09 09:21:31 CDT 2015,1.5
Thu Apr 09 09:21:32 CDT 2015,0.84375
Thu Apr 09 09:21:34 CDT 2015,0.98046875
Thu Apr 09 09:21:35 CDT 2015,1.1640625
Thu Apr 09 09:21:36 CDT 2015,0.42578125
Thu Apr 09 09:21:37 CDT 2015,1.0859375
Thu Apr 09 09:21:38 CDT 2015,0.521484375
Thu Apr 09 09:21:39 CDT 2015,0.875
Thu Apr 09 09:21:40 CDT 2015,1.15625
Thu Apr 09 09:21:41 CDT 2015,0.9765625
Thu Apr 09 09:21:42 CDT 2015,0.48828125
Thu Apr 09 09:21:43 CDT 2015,0.53125
Thu Apr 09 09:21:44 CDT 2015,0.767578125
Thu Apr 09 09:21:45 CDT 2015,0.53515625
Thu Apr 09 09:21:47 CDT 2015,1.126953125
Thu Apr 09 09:21:48 CDT 2015,0.6953125
Thu Apr 09 09:21:50 CDT 2015,2.125
Thu Apr 09 09:21:52 CDT 2015,2.14453125
Thu Apr 09 09:21:53 CDT 2015,0.484375
Thu Apr 09 09:21:54 CDT 2015,1.515625
Thu Apr 09 09:21:55 CDT 2015,0.4453125
Thu Apr 09 09:21:58 CDT 2015,3.04296875
Thu Apr 09 09:21:59 CDT 2015,1.0859375
Thu Apr 09 09:22:00 CDT 2015,0.513671875
Thu Apr 09 09:22:01 CDT 2015,1.10546875
Thu Apr 09 09:22:02 CDT 2015,0.474609375
Thu Apr 09 09:22:03 CDT 2015,0.55078125
Thu Apr 09 09:22:04 CDT 2015,1.50390625
Thu Apr 09 09:22:05 CDT 2015,0.97265625
Thu Apr 09 09:22:06 CDT 2015,0.5
Thu Apr 09 09:22:07 CDT 2015,1.45703125
Thu Apr 09 09:22:08 CDT 2015,0.517578125
Thu Apr 09 09:22:09 CDT 2015,0.451171875
Thu Apr 09 09:22:11 CDT 2015,2.16015625
Thu Apr 09 09:22:12 CDT 2015,0.470703125
Thu Apr 09 09:22:13 CDT 2015,0.509765625
Thu Apr 09 09:22:14 CDT 2015,0.53125
Thu Apr 09 09:22:15 CDT 2015,0.755859375
Thu Apr 09 09:22:16 CDT 2015,0.513671875
Thu Apr 09 09:22:17 CDT 2015,0.5625
Thu Apr 09 09:22:19 CDT 2015,2.21484375
Thu Apr 09 09:22:20 CDT 2015,0.55859375
Thu Apr 09 09:22:21 CDT 2015,0.296875
Thu Apr 09 09:22:22 CDT 2015,1.4375
Thu Apr 09 09:22:23 CDT 2015,0.41015625
Thu Apr 09 09:22:24 CDT 2015,1.41796875
Thu Apr 09 09:22:25 CDT 2015,0.9921875
Thu Apr 09 09:22:26 CDT 2015,0.60546875
Thu Apr 09 09:22:27 CDT 2015,1.0625
Thu Apr 09 09:22:28 CDT 2015,0.7421875
Thu Apr 09 09:22:29 CDT 2015,0.53515625
Thu Apr 09 09:22:30 CDT 2015,0.796875
Thu Apr 09 09:22:31 CDT 2015,0.87890625
Thu Apr 09 09:22:33 CDT 2015,2.26953125
Thu Apr 09 09:22:34 CDT 2015,1.03515625
Thu Apr 09 09:22:36 CDT 2015,1.11328125
Thu Apr 09 09:22:37 CDT 2015,0.888671875
Thu Apr 09 09:22:38 CDT 2015,0.3984375
Thu Apr 09 09:22:39 CDT 2015,1.58203125
Thu Apr 09 09:22:42 CDT 2015,2.765625
Thu Apr 09 09:22:43 CDT 2015,0.8046875
Thu Apr 09 09:22:45 CDT 2015,1.62890625
Thu Apr 09 09:22:46 CDT 2015,0.849609375
Thu Apr 09 09:22:47 CDT 2015,0.37109375
Thu Apr 09 09:22:48 CDT 2015,0.4609375
Thu Apr 09 09:22:49 CDT 2015,0.3515625
Thu Apr 09 09:22:50 CDT 2015,1.75390625
Thu Apr 09 09:22:51 CDT 2015,0.51171875
Thu Apr 09 09:22:52 CDT 2015,0.734375
Thu Apr 09 09:22:53 CDT 2015,0.501953125
Thu Apr 09 09:22:58 CDT 2015,2.255859375
Thu Apr 09 09:22:59 CDT 2015,1.02734375
Thu Apr 09 09:23:00 CDT 2015,0.39453125
Thu Apr 09 09:23:01 CDT 2015,0.4296875
Thu Apr 09 09:23:02 CDT 2015,0.806640625
Thu Apr 09 09:23:03 CDT 2015,0.328125
Thu Apr 09 09:23:04 CDT 2015,0.431640625
Thu Apr 09 09:23:05 CDT 2015,0.421875
Thu Apr 09 09:23:06 CDT 2015,0.92578125
Thu Apr 09 09:23:09 CDT 2015,3.0703125
Thu Apr 09 09:23:10 CDT 2015,0.5625
Thu Apr 09 09:23:11 CDT 2015,0.3893229166666667
Thu Apr 09 09:23:12 CDT 2015,1.10546875
Thu Apr 09 09:23:13 CDT 2015,0.34765625
Thu Apr 09 09:23:14 CDT 2015,0.51171875
Thu Apr 09 09:23:15 CDT 2015,1.39453125
Thu Apr 09 09:23:16 CDT 2015,0.3828125
Thu Apr 09 09:23:17 CDT 2015,0.3072916666666667
Thu Apr 09 09:23:19 CDT 2015,0.6744791666666666
Thu Apr 09 09:23:20 CDT 2015,0.564453125
Thu Apr 09 09:23:22 CDT 2015,1.328125
Thu Apr 09 09:23:23 CDT 2015,1.2734375
Thu Apr 09 09:23:24 CDT 2015,0.99609375
Thu Apr 09 09:23:25 CDT 2015,0.560546875
Thu Apr 09 09:23:26 CDT 2015,0.3619791666666667
Thu Apr 09 09:23:27 CDT 2015,0.41796875
Thu Apr 09 09:23:28 CDT 2015,1.140625
Thu Apr 09 09:23:29 CDT 2015,0.55859375
Thu Apr 09 09:23:30 CDT 2015,0.41796875
Thu Apr 09 09:23:31 CDT 2015,0.65234375
Thu Apr 09 09:23:32 CDT 2015,1.0390625
Thu Apr 09 09:23:33 CDT 2015,0.48828125
Thu Apr 09 09:23:35 CDT 2015,1.11328125
Thu Apr 09 09:23:36 CDT 2015,0.765625
Thu Apr 09 09:23:37 CDT 2015,0.57421875
Thu Apr 09 09:23:39 CDT 2015,0.7018229166666666
Thu Apr 09 09:23:40 CDT 2015,0.435546875
Thu Apr 09 09:23:42 CDT 2015,1.54296875
Thu Apr 09 09:23:45 CDT 2015,3.0234375
Thu Apr 09 09:23:46 CDT 2015,1.0390625
Thu Apr 09 09:23:47 CDT 2015,1.30859375
Thu Apr 09 09:23:48 CDT 2015,0.630859375
Thu Apr 09 09:23:49 CDT 2015,0.80078125
Thu Apr 09 09:23:50 CDT 2015,0.66015625
Thu Apr 09 09:23:51 CDT 2015,0.677734375
Thu Apr 09 09:23:52 CDT 2015,1.234375
Thu Apr 09 09:23:54 CDT 2015,1.41796875
Thu Apr 09 09:23:56 CDT 2015,0.958984375
Thu Apr 09 09:23:57 CDT 2015,1.55859375
Thu Apr 09 09:23:58 CDT 2015,0.9375
Thu Apr 09 09:23:59 CDT 2015,1.078125
Thu Apr 09 09:24:00 CDT 2015,0.32421875
Thu Apr 09 09:24:03 CDT 2015,3.28125
Thu Apr 09 09:24:05 CDT 2015,1.068359375
Thu Apr 09 09:24:06 CDT 2015,0.3033854166666667
Thu Apr 09 09:24:07 CDT 2015,0.31640625
Thu Apr 09 09:24:08 CDT 2015,1.53515625
Thu Apr 09 09:24:09 CDT 2015,0.4375
Thu Apr 09 09:24:13 CDT 2015,3.99609375
Thu Apr 09 09:24:14 CDT 2015,0.3828125
Thu Apr 09 09:24:16 CDT 2015,2.1953125
Thu Apr 09 09:24:17 CDT 2015,0.4140625
Thu Apr 09 09:24:19 CDT 2015,2.4765625
Thu Apr 09 09:24:20 CDT 2015,0.421875
Thu Apr 09 09:24:21 CDT 2015,0.8046875
Thu Apr 09 09:24:22 CDT 2015,0.3216145833333333
Thu Apr 09 09:24:23 CDT 2015,0.353515625
Thu Apr 09 09:24:24 CDT 2015,0.3486328125
Thu Apr 09 09:24:28 CDT 2015,3.296875
Thu Apr 09 09:24:29 CDT 2015,1.140625
Thu Apr 09 09:25:10 CDT 2015,2.1328125
Thu Apr 09 09:25:11 CDT 2015,0.26953125
Thu Apr 09 09:25:15 CDT 2015,3.99609375
Thu Apr 09 09:25:17 CDT 2015,2.40234375
Thu Apr 09 09:25:18 CDT 2015,0.26953125
Thu Apr 09 09:25:19 CDT 2015,0.70703125
Thu Apr 09 09:25:20 CDT 2015,1.3671875
Thu Apr 09 09:25:21 CDT 2015,0.37890625
Thu Apr 09 09:25:23 CDT 2015,2.58203125
Thu Apr 09 09:25:24 CDT 2015,0.2763671875
Thu Apr 09 09:25:25 CDT 2015,0.279296875
Thu Apr 09 09:25:27 CDT 2015,1.19921875
Thu Apr 09 09:25:28 CDT 2015,0.26953125
Thu Apr 09 09:25:31 CDT 2015,3.69921875
Thu Apr 09 09:25:32 CDT 2015,0.283203125
Thu Apr 09 09:25:33 CDT 2015,0.6015625
Thu Apr 09 09:25:36 CDT 2015,3.828125
Thu Apr 09 09:25:38 CDT 2015,1.1875
Thu Apr 09 09:25:40 CDT 2015,2.65234375
Thu Apr 09 09:25:41 CDT 2015,1.16796875
Thu Apr 09 09:25:42 CDT 2015,0.28515625
Thu Apr 09 09:25:46 CDT 2015,1.986328125
Thu Apr 09 09:25:47 CDT 2015,0.412109375
Thu Apr 09 09:25:48 CDT 2015,0.578125
Thu Apr 09 09:30:56 CDT 2015,2.1640625
Thu Apr 09 09:30:57 CDT 2015,0.509765625
Thu Apr 09 09:30:58 CDT 2015,0.4453125
Thu Apr 09 09:30:59 CDT 2015,0.2763671875
Thu Apr 09 09:31:00 CDT 2015,0.3203125
Thu Apr 09 09:31:01 CDT 2015,0.298828125
Thu Apr 09 09:31:06 CDT 2015,3.99609375
Thu Apr 09 09:31:07 CDT 2015,0.5963541666666666
Thu Apr 09 09:31:08 CDT 2015,0.26953125
Thu Apr 09 09:31:09 CDT 2015,0.814453125
Thu Apr 09 09:31:14 CDT 2015,3.99609375
Thu Apr 09 09:31:15 CDT 2015,0.5625
Thu Apr 09 09:31:17 CDT 2015,0.986328125
Thu Apr 09 09:31:18 CDT 2015,0.44140625
Thu Apr 09 09:31:25 CDT 2015,2.1328125
Thu Apr 09 09:31:26 CDT 2015,0.3017578125
Thu Apr 09 09:31:27 CDT 2015,0.328125
Thu Apr 09 09:34:56 CDT 2015,3.99609375
Thu Apr 09 09:34:57 CDT 2015,0.60546875
Thu Apr 09 09:34:58 CDT 2015,0.26953125
Thu Apr 09 09:42:38 CDT 2015,3.99609375
Thu Apr 09 09:42:39 CDT 2015,0.26953125
Thu Apr 09 09:42:40 CDT 2015,0.328125
Thu Apr 09 09:42:41 CDT 2015,0.755859375
Thu Apr 09 09:42:43 CDT 2015,2.17578125
Thu Apr 09 09:42:44 CDT 2015,0.55078125
Thu Apr 09 09:42:45 CDT 2015,0.26953125
Thu Apr 09 09:44:14 CDT 2015,3.99609375
Thu Apr 09 09:44:19 CDT 2015,1.5182291666666667
Thu Apr 09 09:44:20 CDT 2015,0.37890625
Thu Apr 09 09:44:26 CDT 2015,2.142578125
Thu Apr 09 09:44:27 CDT 2015,0.4856770833333333
Thu Apr 09 09:44:28 CDT 2015,0.2763671875
Thu Apr 09 09:44:31 CDT 2015,1.47265625
Thu Apr 09 09:44:34 CDT 2015,0.9231770833333334
Thu Apr 09 09:44:38 CDT 2015,1.9453125
Thu Apr 09 09:50:33 CDT 2015,1.5403645833333333
Thu Apr 09 09:50:34 CDT 2015,0.2890625
Thu Apr 09 09:50:36 CDT 2015,1.76171875
Thu Apr 09 09:50:39 CDT 2015,1.1809895833333333
Thu Apr 09 09:50:40 CDT 2015,0.2890625
Thu Apr 09 09:58:49 CDT 2015,1.51171875
Thu Apr 09 09:59:40 CDT 2015,2.1328125
Thu Apr 09 09:59:44 CDT 2015,3.99609375
Thu Apr 09 09:59:45 CDT 2015,0.26953125
Thu Apr 09 10:05:51 CDT 2015,2.162109375
Thu Apr 09 10:05:52 CDT 2015,0.689453125
Thu Apr 09 10:05:53 CDT 2015,0.26953125
Thu Apr 09 10:05:56 CDT 2015,3.1328125
Thu Apr 09 10:15:21 CDT 2015,3.99609375
Thu Apr 09 10:15:22 CDT 2015,0.3372395833333333
Thu Apr 09 10:15:25 CDT 2015,3.08984375
Thu Apr 09 10:15:26 CDT 2015,0.2747395833333333
Thu Apr 09 10:19:02 CDT 2015,3.99609375
Thu Apr 09 10:19:03 CDT 2015,0.26953125
Thu Apr 09 10:19:04 CDT 2015,0.576171875
Thu Apr 09 10:19:05 CDT 2015,0.36328125
Thu Apr 09 10:19:06 CDT 2015,0.33984375
Thu Apr 09 10:19:07 CDT 2015,0.64453125
Thu Apr 09 10:19:08 CDT 2015,1.6953125
Thu Apr 09 10:19:09 CDT 2015,0.27734375
Thu Apr 09 10:19:10 CDT 2015,0.65234375
Thu Apr 09 10:19:11 CDT 2015,0.365234375
Thu Apr 09 10:19:12 CDT 2015,1.0078125
Thu Apr 09 10:19:13 CDT 2015,1.30078125
Thu Apr 09 10:19:15 CDT 2015,0.998046875
Thu Apr 09 10:19:16 CDT 2015,0.296875
Thu Apr 09 10:19:17 CDT 2015,0.53125
Thu Apr 09 10:19:18 CDT 2015,1.0859375
Thu Apr 09 10:19:19 CDT 2015,0.26953125
Thu Apr 09 10:19:20 CDT 2015,0.6302083333333334
Thu Apr 09 10:19:21 CDT 2015,0.349609375
Thu Apr 09 10:19:22 CDT 2015,0.99609375
Thu Apr 09 10:19:23 CDT 2015,0.48828125
Thu Apr 09 10:19:24 CDT 2015,0.71875
Thu Apr 09 10:19:28 CDT 2015,3.99609375
Thu Apr 09 10:19:29 CDT 2015,0.359375
Thu Apr 09 10:19:31 CDT 2015,2.4140625
Thu Apr 09 10:19:32 CDT 2015,0.3736979166666667
Thu Apr 09 10:19:33 CDT 2015,0.2890625
Thu Apr 09 10:19:34 CDT 2015,1.328125
Thu Apr 09 10:19:35 CDT 2015,0.3580729166666667
Thu Apr 09 10:22:16 CDT 2015,1.51171875
Thu Apr 09 10:22:17 CDT 2015,1.390625
Thu Apr 09 10:22:18 CDT 2015,0.26953125
Thu Apr 09 10:22:20 CDT 2015,1.58203125
Thu Apr 09 10:22:21 CDT 2015,1.47265625
Thu Apr 09 10:22:22 CDT 2015,1.0
Thu Apr 09 10:22:25 CDT 2015,1.435546875
Thu Apr 09 10:22:28 CDT 2015,3.3203125
Thu Apr 09 10:22:29 CDT 2015,1.1328125
Thu Apr 09 10:22:30 CDT 2015,0.30859375
Thu Apr 09 10:26:16 CDT 2015,2.1328125
Thu Apr 09 10:26:19 CDT 2015,2.47265625
Thu Apr 09 10:27:46 CDT 2015,3.99609375
Thu Apr 09 10:27:48 CDT 2015,2.32421875
Thu Apr 09 10:28:54 CDT 2015,2.171875
Thu Apr 09 10:28:55 CDT 2015,0.3528645833333333
Thu Apr 09 10:28:56 CDT 2015,0.28515625
Thu Apr 09 10:28:57 CDT 2015,0.28515625
Thu Apr 09 10:28:58 CDT 2015,0.3567708333333333
Thu Apr 09 10:28:59 CDT 2015,0.40625
Thu Apr 09 10:29:01 CDT 2015,1.1328125
Thu Apr 09 10:29:02 CDT 2015,0.5143229166666666
Thu Apr 09 10:29:07 CDT 2015,3.99609375
Thu Apr 09 10:29:11 CDT 2015,2.279296875
Thu Apr 09 10:29:14 CDT 2015,2.58984375
Thu Apr 09 10:30:08 CDT 2015,3.99609375
Thu Apr 09 10:30:09 CDT 2015,0.41015625
Thu Apr 09 10:30:11 CDT 2015,1.3984375
Thu Apr 09 10:30:13 CDT 2015,1.451171875
Thu Apr 09 10:30:14 CDT 2015,0.28515625
Thu Apr 09 10:30:15 CDT 2015,0.4765625
Thu Apr 09 10:30:17 CDT 2015,0.5419921875
Thu Apr 09 10:30:18 CDT 2015,0.2724609375
Thu Apr 09 10:30:19 CDT 2015,0.3072916666666667
Thu Apr 09 10:30:20 CDT 2015,0.27734375
Thu Apr 09 10:30:21 CDT 2015,0.5182291666666666
Thu Apr 09 10:30:23 CDT 2015,1.984375
Thu Apr 09 10:30:24 CDT 2015,0.37109375
Thu Apr 09 10:30:25 CDT 2015,0.26953125
Thu Apr 09 10:30:26 CDT 2015,0.759765625
Thu Apr 09 10:30:27 CDT 2015,0.66796875
Thu Apr 09 10:30:28 CDT 2015,1.00390625
Thu Apr 09 10:30:29 CDT 2015,0.8125
Thu Apr 09 10:30:31 CDT 2015,1.421875
Thu Apr 09 10:30:35 CDT 2015,3.99609375
Thu Apr 09 10:30:36 CDT 2015,0.46484375
Thu Apr 09 10:30:47 CDT 2015,3.99609375
Thu Apr 09 10:30:51 CDT 2015,1.724609375
Thu Apr 09 10:30:54 CDT 2015,2.7890625
Thu Apr 09 10:30:55 CDT 2015,0.8671875
Thu Apr 09 10:30:57 CDT 2015,1.21484375
Thu Apr 09 10:30:59 CDT 2015,0.7669270833333334
Thu Apr 09 10:31:00 CDT 2015,0.333984375
Thu Apr 09 10:31:02 CDT 2015,1.99609375
Thu Apr 09 10:31:03 CDT 2015,0.705078125
Thu Apr 09 10:31:06 CDT 2015,1.01953125
Thu Apr 09 10:31:07 CDT 2015,0.515625
Thu Apr 09 10:31:08 CDT 2015,1.4765625
Thu Apr 09 10:31:09 CDT 2015,0.28515625
Thu Apr 09 10:31:10 CDT 2015,0.462890625
Thu Apr 09 10:31:13 CDT 2015,1.501953125
Thu Apr 09 10:31:14 CDT 2015,0.314453125
Thu Apr 09 10:31:15 CDT 2015,0.84375
Thu Apr 09 10:31:16 CDT 2015,0.87109375
Thu Apr 09 10:31:17 CDT 2015,1.0390625
Thu Apr 09 10:31:18 CDT 2015,0.26953125
Thu Apr 09 10:31:19 CDT 2015,0.546875
Thu Apr 09 10:31:24 CDT 2015,3.99609375
Thu Apr 09 10:31:30 CDT 2015,1.5768229166666667
Thu Apr 09 10:31:31 CDT 2015,0.4921875
Thu Apr 09 10:31:33 CDT 2015,2.63671875
Thu Apr 09 10:31:34 CDT 2015,0.2734375
Thu Apr 09 10:31:35 CDT 2015,1.3046875
Thu Apr 09 10:31:36 CDT 2015,0.68359375
Thu Apr 09 10:31:37 CDT 2015,0.705078125
Thu Apr 09 10:31:39 CDT 2015,1.01953125
Thu Apr 09 10:31:40 CDT 2015,0.46875
Thu Apr 09 10:31:41 CDT 2015,0.26953125
Thu Apr 09 10:32:08 CDT 2015,2.3046875
Thu Apr 09 10:32:09 CDT 2015,0.46875
Thu Apr 09 10:32:10 CDT 2015,0.51953125
Thu Apr 09 10:32:11 CDT 2015,0.89453125
Thu Apr 09 10:32:15 CDT 2015,3.99609375
Thu Apr 09 10:32:26 CDT 2015,3.99609375
Thu Apr 09 10:32:29 CDT 2015,2.6953125
Thu Apr 09 10:32:31 CDT 2015,2.54296875
Thu Apr 09 10:32:32 CDT 2015,0.7578125
Thu Apr 09 10:32:33 CDT 2015,0.4440104166666667
Thu Apr 09 10:32:34 CDT 2015,0.3125
Thu Apr 09 10:32:35 CDT 2015,0.42578125
Thu Apr 09 10:32:36 CDT 2015,0.271484375
Thu Apr 09 10:32:38 CDT 2015,1.1796875
Thu Apr 09 10:32:40 CDT 2015,1.828125
Thu Apr 09 10:32:41 CDT 2015,0.65625
Thu Apr 09 10:32:46 CDT 2015,3.99609375
Thu Apr 09 10:32:47 CDT 2015,0.271484375
Thu Apr 09 10:37:42 CDT 2015,2.1328125
Thu Apr 09 10:37:43 CDT 2015,0.486328125
Thu Apr 09 10:37:44 CDT 2015,0.2734375
Thu Apr 09 10:37:47 CDT 2015,3.125
Thu Apr 09 10:37:50 CDT 2015,3.48828125
Thu Apr 09 10:37:51 CDT 2015,0.37890625
Thu Apr 09 10:39:20 CDT 2015,1.55078125
Thu Apr 09 10:39:22 CDT 2015,0.771484375
Thu Apr 09 10:39:23 CDT 2015,0.8359375
Thu Apr 09 10:39:24 CDT 2015,0.822265625
Thu Apr 09 10:39:27 CDT 2015,1.501953125
Thu Apr 09 10:39:28 CDT 2015,0.34375
Thu Apr 09 10:39:29 CDT 2015,0.33203125
Thu Apr 09 10:39:30 CDT 2015,0.376953125
Thu Apr 09 10:39:35 CDT 2015,2.142578125
Thu Apr 09 10:39:36 CDT 2015,0.3984375
Thu Apr 09 10:39:55 CDT 2015,2.1328125
Thu Apr 09 10:39:57 CDT 2015,2.1796875
Thu Apr 09 10:39:58 CDT 2015,0.41796875
Thu Apr 09 10:39:59 CDT 2015,0.30078125
Thu Apr 09 10:40:41 CDT 2015,2.1328125
Thu Apr 09 10:40:42 CDT 2015,0.2760416666666667
Thu Apr 09 10:40:44 CDT 2015,2.23046875
Thu Apr 09 10:40:45 CDT 2015,0.5703125
Thu Apr 09 10:40:46 CDT 2015,0.26953125
Thu Apr 09 10:40:47 CDT 2015,0.47265625
Thu Apr 09 10:40:48 CDT 2015,0.3046875
Thu Apr 09 10:40:51 CDT 2015,3.11328125
Thu Apr 09 10:40:52 CDT 2015,0.36328125
Thu Apr 09 10:41:30 CDT 2015,1.51171875
Thu Apr 09 10:41:31 CDT 2015,0.44921875
Thu Apr 09 10:41:33 CDT 2015,2.20703125
Thu Apr 09 10:41:34 CDT 2015,1.109375
Thu Apr 09 10:41:35 CDT 2015,0.40625
Thu Apr 09 10:41:36 CDT 2015,1.55078125
Thu Apr 09 10:41:37 CDT 2015,0.626953125
Thu Apr 09 10:41:38 CDT 2015,0.26953125
Thu Apr 09 10:41:41 CDT 2015,3.66015625
Thu Apr 09 10:41:43 CDT 2015,0.65234375
Thu Apr 09 10:41:44 CDT 2015,0.3645833333333333
Thu Apr 09 10:41:45 CDT 2015,0.2890625
Thu Apr 09 10:41:58 CDT 2015,1.201171875
Thu Apr 09 10:41:59 CDT 2015,0.2721354166666667
Thu Apr 09 10:42:00 CDT 2015,0.26953125
Thu Apr 09 10:42:01 CDT 2015,0.54296875
Thu Apr 09 10:42:02 CDT 2015,0.515625
Thu Apr 09 10:42:03 CDT 2015,0.615234375
Thu Apr 09 10:42:06 CDT 2015,3.12109375
Thu Apr 09 10:42:07 CDT 2015,0.421875
Thu Apr 09 10:42:08 CDT 2015,0.5143229166666666
Thu Apr 09 10:42:50 CDT 2015,1.201171875
Thu Apr 09 10:42:51 CDT 2015,0.26953125
Thu Apr 09 10:42:56 CDT 2015,2.1328125
Thu Apr 09 10:42:57 CDT 2015,0.546875
Thu Apr 09 10:42:58 CDT 2015,0.572265625
Thu Apr 09 10:45:52 CDT 2015,3.99609375
Thu Apr 09 10:45:53 CDT 2015,0.3046875
Thu Apr 09 10:45:54 CDT 2015,0.599609375
Thu Apr 09 10:45:55 CDT 2015,0.421875
Thu Apr 09 10:45:56 CDT 2015,0.62890625
Thu Apr 09 10:45:58 CDT 2015,2.5546875
Thu Apr 09 10:45:59 CDT 2015,0.2721354166666667
Thu Apr 09 10:46:00 CDT 2015,0.4036458333333333
Thu Apr 09 10:46:02 CDT 2015,1.05859375
Thu Apr 09 10:46:07 CDT 2015,3.99609375
Thu Apr 09 10:46:34 CDT 2015,3.99609375
Thu Apr 09 10:46:35 CDT 2015,0.4231770833333333
Thu Apr 09 10:46:36 CDT 2015,0.3333333333333333
Thu Apr 09 10:46:37 CDT 2015,0.396484375
Thu Apr 09 10:46:38 CDT 2015,0.359375
Thu Apr 09 10:46:39 CDT 2015,0.296875
Thu Apr 09 10:46:40 CDT 2015,1.7109375
Thu Apr 09 10:46:41 CDT 2015,0.2890625
Thu Apr 09 10:46:42 CDT 2015,0.9140625
Thu Apr 09 10:46:43 CDT 2015,0.296875
Thu Apr 09 10:46:44 CDT 2015,0.7890625
Thu Apr 09 10:46:45 CDT 2015,0.298828125
Thu Apr 09 10:46:47 CDT 2015,1.9296875
Thu Apr 09 10:46:48 CDT 2015,0.54296875
Thu Apr 09 10:46:49 CDT 2015,0.47265625
Thu Apr 09 10:46:54 CDT 2015,1.216796875
Thu Apr 09 10:46:56 CDT 2015,1.3671875
Thu Apr 09 10:46:57 CDT 2015,1.69140625
Thu Apr 09 10:46:58 CDT 2015,1.05078125
Thu Apr 09 10:46:59 CDT 2015,0.5
Thu Apr 09 10:47:00 CDT 2015,1.3046875
Thu Apr 09 10:47:01 CDT 2015,0.341796875
Thu Apr 09 10:47:02 CDT 2015,0.603515625
Thu Apr 09 10:47:03 CDT 2015,0.4140625
Thu Apr 09 10:47:04 CDT 2015,0.40625
Thu Apr 09 10:47:05 CDT 2015,1.1640625
Thu Apr 09 10:47:06 CDT 2015,0.453125
Thu Apr 09 10:47:07 CDT 2015,0.2981770833333333
Thu Apr 09 10:47:10 CDT 2015,1.4453125
Thu Apr 09 10:47:12 CDT 2015,1.9140625
Thu Apr 09 10:47:14 CDT 2015,1.064453125
Thu Apr 09 10:47:18 CDT 2015,1.0859375
Thu Apr 09 10:47:19 CDT 2015,0.47265625
Thu Apr 09 10:47:21 CDT 2015,1.009765625
Thu Apr 09 10:47:22 CDT 2015,0.26953125
Thu Apr 09 10:47:24 CDT 2015,2.30078125
Thu Apr 09 10:47:25 CDT 2015,0.673828125
Thu Apr 09 10:47:26 CDT 2015,0.26953125
Thu Apr 09 10:47:27 CDT 2015,1.83984375
Thu Apr 09 10:47:28 CDT 2015,0.94921875
Thu Apr 09 10:47:29 CDT 2015,0.26953125
Thu Apr 09 10:47:31 CDT 2015,2.58984375
Thu Apr 09 10:47:32 CDT 2015,0.54296875
Thu Apr 09 10:47:34 CDT 2015,1.8359375
Thu Apr 09 10:47:35 CDT 2015,0.41015625
Thu Apr 09 10:47:36 CDT 2015,1.0078125
Thu Apr 09 10:47:37 CDT 2015,1.1484375
Thu Apr 09 10:47:39 CDT 2015,2.109375
Thu Apr 09 10:47:40 CDT 2015,1.29296875
Thu Apr 09 10:47:44 CDT 2015,3.42578125
Thu Apr 09 10:47:46 CDT 2015,2.32421875
Thu Apr 09 10:47:47 CDT 2015,1.140625
Thu Apr 09 10:47:48 CDT 2015,1.078125
Thu Apr 09 10:47:49 CDT 2015,0.41015625
Thu Apr 09 10:47:51 CDT 2015,1.18359375
Thu Apr 09 10:47:52 CDT 2015,1.15234375
Thu Apr 09 10:47:53 CDT 2015,1.23828125
Thu Apr 09 10:47:54 CDT 2015,1.18359375
Thu Apr 09 10:47:55 CDT 2015,1.12109375
Thu Apr 09 10:47:56 CDT 2015,1.18359375
Thu Apr 09 10:47:58 CDT 2015,1.18359375
Thu Apr 09 10:48:00 CDT 2015,2.44140625
Thu Apr 09 10:48:01 CDT 2015,1.21875
Thu Apr 09 10:48:02 CDT 2015,0.82421875
Thu Apr 09 10:48:04 CDT 2015,1.119140625
Thu Apr 09 10:48:07 CDT 2015,2.24609375
Thu Apr 09 10:48:08 CDT 2015,0.99609375
Thu Apr 09 10:48:09 CDT 2015,0.85546875
Thu Apr 09 10:48:14 CDT 2015,3.99609375
Thu Apr 09 10:48:15 CDT 2015,0.8515625
Thu Apr 09 10:48:16 CDT 2015,0.3463541666666667
Thu Apr 09 10:48:17 CDT 2015,0.27734375
Thu Apr 09 10:48:18 CDT 2015,0.634765625
Thu Apr 09 10:48:20 CDT 2015,0.88671875
Thu Apr 09 10:48:21 CDT 2015,0.26953125
Thu Apr 09 10:48:22 CDT 2015,1.2734375
Thu Apr 09 10:48:23 CDT 2015,0.3111979166666667
Thu Apr 09 10:48:24 CDT 2015,1.015625
Thu Apr 09 10:48:25 CDT 2015,0.41015625
Thu Apr 09 10:48:26 CDT 2015,0.337890625
Thu Apr 09 10:48:27 CDT 2015,0.5546875
Thu Apr 09 10:48:28 CDT 2015,0.548828125
Thu Apr 09 10:48:29 CDT 2015,0.2734375
Thu Apr 09 10:48:31 CDT 2015,2.44921875
Thu Apr 09 10:48:32 CDT 2015,0.390625
Thu Apr 09 10:48:36 CDT 2015,3.99609375
Thu Apr 09 10:48:41 CDT 2015,3.99609375
Thu Apr 09 10:48:42 CDT 2015,0.43359375
Thu Apr 09 10:48:46 CDT 2015,3.99609375
Thu Apr 09 10:48:47 CDT 2015,0.458984375
Thu Apr 09 10:48:48 CDT 2015,0.3203125
Thu Apr 09 10:48:50 CDT 2015,2.29296875
Thu Apr 09 10:48:52 CDT 2015,1.162109375
Thu Apr 09 10:48:57 CDT 2015,1.5260416666666667
Thu Apr 09 10:48:58 CDT 2015,0.4609375
Thu Apr 09 10:49:00 CDT 2015,1.44921875
Thu Apr 09 10:49:02 CDT 2015,1.388671875
Thu Apr 09 10:49:03 CDT 2015,0.412109375
Thu Apr 09 10:49:05 CDT 2015,0.6549479166666666
Thu Apr 09 10:49:06 CDT 2015,0.45703125
Thu Apr 09 10:49:12 CDT 2015,3.99609375
Thu Apr 09 10:49:13 CDT 2015,0.74609375
Thu Apr 09 10:49:15 CDT 2015,1.0859375
Thu Apr 09 10:49:16 CDT 2015,0.94921875
Thu Apr 09 10:49:17 CDT 2015,0.5234375
Thu Apr 09 10:49:18 CDT 2015,1.16796875
Thu Apr 09 10:49:19 CDT 2015,1.140625
Thu Apr 09 10:49:20 CDT 2015,0.4453125
Thu Apr 09 10:49:21 CDT 2015,0.646484375
Thu Apr 09 10:49:24 CDT 2015,1.71875
Thu Apr 09 10:49:25 CDT 2015,0.47265625
Thu Apr 09 10:49:26 CDT 2015,1.2265625
Thu Apr 09 10:49:27 CDT 2015,0.529296875
Thu Apr 09 10:49:28 CDT 2015,0.595703125
Thu Apr 09 10:49:29 CDT 2015,0.60546875
Thu Apr 09 10:49:30 CDT 2015,0.5625
Thu Apr 09 10:49:31 CDT 2015,0.908203125
Thu Apr 09 10:49:32 CDT 2015,0.29296875
Thu Apr 09 10:49:34 CDT 2015,2.0546875
Thu Apr 09 10:49:40 CDT 2015,1.51171875
Thu Apr 09 10:49:41 CDT 2015,0.921875
Thu Apr 09 10:49:42 CDT 2015,0.26953125
Thu Apr 09 10:49:43 CDT 2015,0.271484375
Thu Apr 09 10:49:44 CDT 2015,0.2734375
Thu Apr 09 10:49:45 CDT 2015,0.36328125
Thu Apr 09 10:49:46 CDT 2015,0.58203125
Thu Apr 09 10:49:47 CDT 2015,1.15625
Thu Apr 09 10:49:48 CDT 2015,0.4765625
Thu Apr 09 10:49:50 CDT 2015,2.3203125
Thu Apr 09 10:49:52 CDT 2015,2.015625
Thu Apr 09 10:49:53 CDT 2015,1.1640625
Thu Apr 09 10:49:54 CDT 2015,0.587890625
Thu Apr 09 10:49:55 CDT 2015,0.30078125
Thu Apr 09 10:49:56 CDT 2015,0.36328125
Thu Apr 09 10:49:57 CDT 2015,1.2265625
Thu Apr 09 10:49:58 CDT 2015,0.3997395833333333
Thu Apr 09 10:49:59 CDT 2015,0.2916666666666667
Thu Apr 09 10:50:00 CDT 2015,0.353515625
Thu Apr 09 10:50:01 CDT 2015,0.63671875
Thu Apr 09 10:50:02 CDT 2015,0.984375
Thu Apr 09 10:50:03 CDT 2015,0.984375
Thu Apr 09 10:50:04 CDT 2015,1.56640625
Thu Apr 09 10:50:05 CDT 2015,0.5
Thu Apr 09 10:50:06 CDT 2015,0.50390625
Thu Apr 09 10:50:07 CDT 2015,0.4453125
Thu Apr 09 10:50:08 CDT 2015,0.81640625
Thu Apr 09 10:50:09 CDT 2015,0.5234375
Thu Apr 09 10:50:10 CDT 2015,1.625
Thu Apr 09 10:50:11 CDT 2015,0.26953125
Thu Apr 09 10:50:12 CDT 2015,0.498046875
Thu Apr 09 10:50:14 CDT 2015,2.015625
Thu Apr 09 10:50:16 CDT 2015,1.58203125
Thu Apr 09 10:50:17 CDT 2015,1.5078125
Thu Apr 09 10:50:19 CDT 2015,1.107421875
Thu Apr 09 10:50:20 CDT 2015,0.5703125
Thu Apr 09 10:50:21 CDT 2015,0.640625
Thu Apr 09 10:50:23 CDT 2015,1.4609375
Thu Apr 09 10:50:25 CDT 2015,1.921875
Thu Apr 09 10:50:26 CDT 2015,0.521484375
Thu Apr 09 10:50:28 CDT 2015,0.4951171875
Thu Apr 09 10:50:34 CDT 2015,3.99609375
Thu Apr 09 10:50:39 CDT 2015,3.99609375
Thu Apr 09 10:50:40 CDT 2015,0.5546875
Thu Apr 09 10:50:41 CDT 2015,0.533203125
Thu Apr 09 10:50:42 CDT 2015,0.2981770833333333
Thu Apr 09 10:50:43 CDT 2015,0.431640625
Thu Apr 09 10:50:45 CDT 2015,0.94140625
Thu Apr 09 10:50:50 CDT 2015,2.28515625
Thu Apr 09 10:50:51 CDT 2015,0.96875
Thu Apr 09 10:50:53 CDT 2015,1.60546875
Thu Apr 09 10:50:54 CDT 2015,0.83984375
Thu Apr 09 10:51:04 CDT 2015,3.99609375
Thu Apr 09 10:51:05 CDT 2015,0.75
Thu Apr 09 10:51:06 CDT 2015,0.34765625
Thu Apr 09 10:51:07 CDT 2015,0.4140625
Thu Apr 09 10:51:08 CDT 2015,0.89453125
Thu Apr 09 10:51:09 CDT 2015,0.623046875
Thu Apr 09 10:51:10 CDT 2015,0.40234375
Thu Apr 09 10:51:11 CDT 2015,0.3359375
Thu Apr 09 10:51:12 CDT 2015,1.4296875
Thu Apr 09 10:51:13 CDT 2015,0.64453125
Thu Apr 09 10:51:14 CDT 2015,0.287109375
Thu Apr 09 10:51:15 CDT 2015,0.26953125
Thu Apr 09 10:51:19 CDT 2015,2.138671875
Thu Apr 09 10:51:20 CDT 2015,0.36328125
Thu Apr 09 10:51:21 CDT 2015,0.2734375
Thu Apr 09 10:51:22 CDT 2015,0.63671875
Thu Apr 09 10:51:24 CDT 2015,1.9375
Thu Apr 09 10:51:25 CDT 2015,0.4635416666666667
Thu Apr 09 10:51:54 CDT 2015,3.99609375
Thu Apr 09 10:51:55 CDT 2015,0.26953125
Thu Apr 09 10:51:56 CDT 2015,0.26953125
Thu Apr 09 10:52:01 CDT 2015,1.5221354166666667
Thu Apr 09 10:52:02 CDT 2015,0.2721354166666667
Thu Apr 09 10:52:17 CDT 2015,1.51171875
Thu Apr 09 10:52:20 CDT 2015,3.08203125
Thu Apr 09 10:52:21 CDT 2015,0.97265625
Thu Apr 09 10:52:23 CDT 2015,1.4609375
Thu Apr 09 10:52:25 CDT 2015,2.33984375
Thu Apr 09 10:52:26 CDT 2015,0.4921875
Thu Apr 09 10:52:32 CDT 2015,1.51171875
Thu Apr 09 10:52:36 CDT 2015,3.44140625
Thu Apr 09 10:52:37 CDT 2015,0.87890625
Thu Apr 09 10:52:38 CDT 2015,0.40234375
Thu Apr 09 10:52:39 CDT 2015,1.0078125
Thu Apr 09 10:52:40 CDT 2015,1.4140625
Thu Apr 09 10:52:42 CDT 2015,1.6875
Thu Apr 09 10:52:43 CDT 2015,0.87109375
Thu Apr 09 10:52:45 CDT 2015,0.8580729166666666
Thu Apr 09 10:52:46 CDT 2015,0.3033854166666667
Thu Apr 09 10:52:47 CDT 2015,0.5703125
Thu Apr 09 10:52:49 CDT 2015,1.0390625
Thu Apr 09 10:52:50 CDT 2015,0.26953125
Thu Apr 09 10:52:56 CDT 2015,3.99609375
Thu Apr 09 10:53:17 CDT 2015,3.99609375
Thu Apr 09 10:53:18 CDT 2015,0.26953125
Thu Apr 09 10:53:19 CDT 2015,0.458984375
Thu Apr 09 10:53:24 CDT 2015,3.99609375
Thu Apr 09 10:53:25 CDT 2015,0.5546875
Thu Apr 09 10:53:34 CDT 2015,1.201171875
Thu Apr 09 10:53:36 CDT 2015,0.919921875
Thu Apr 09 10:53:37 CDT 2015,0.3841145833333333
Thu Apr 09 10:53:38 CDT 2015,0.75390625
Thu Apr 09 10:53:39 CDT 2015,0.64453125
Thu Apr 09 10:53:40 CDT 2015,0.8203125
Thu Apr 09 10:53:42 CDT 2015,1.92578125
Thu Apr 09 10:53:44 CDT 2015,2.625
Thu Apr 09 10:53:45 CDT 2015,0.6796875
Thu Apr 09 10:53:49 CDT 2015,3.99609375
Thu Apr 09 10:53:50 CDT 2015,1.14453125
Thu Apr 09 10:53:52 CDT 2015,0.7604166666666666
Thu Apr 09 10:53:54 CDT 2015,1.3671875
Thu Apr 09 10:53:56 CDT 2015,0.859375
Thu Apr 09 10:53:57 CDT 2015,0.28515625
Thu Apr 09 10:53:59 CDT 2015,2.328125
Thu Apr 09 10:54:00 CDT 2015,0.26953125
Thu Apr 09 10:54:01 CDT 2015,0.8203125
Thu Apr 09 10:54:02 CDT 2015,0.56640625
Thu Apr 09 10:54:03 CDT 2015,0.84765625
Thu Apr 09 10:54:06 CDT 2015,1.267578125
Thu Apr 09 10:54:07 CDT 2015,0.736328125
Thu Apr 09 10:54:08 CDT 2015,0.55078125
Thu Apr 09 10:54:09 CDT 2015,0.59375
Thu Apr 09 10:54:10 CDT 2015,0.84765625
Thu Apr 09 10:54:12 CDT 2015,1.5
Thu Apr 09 10:54:14 CDT 2015,2.73046875
Thu Apr 09 10:54:15 CDT 2015,0.93359375
Thu Apr 09 10:54:16 CDT 2015,0.54296875
Thu Apr 09 10:54:17 CDT 2015,0.26953125
Thu Apr 09 10:54:18 CDT 2015,0.4765625
Thu Apr 09 10:54:19 CDT 2015,0.529296875
Thu Apr 09 10:54:22 CDT 2015,1.498046875
Thu Apr 09 10:54:23 CDT 2015,0.6796875
Thu Apr 09 10:54:25 CDT 2015,1.5625
Thu Apr 09 10:54:26 CDT 2015,1.32421875
Thu Apr 09 10:54:27 CDT 2015,0.68359375
Thu Apr 09 10:54:29 CDT 2015,1.31640625
Thu Apr 09 10:54:48 CDT 2015,1.515625
Thu Apr 09 10:54:51 CDT 2015,2.265625
Thu Apr 09 10:54:53 CDT 2015,1.205078125
Thu Apr 09 10:54:56 CDT 2015,2.6875
Thu Apr 09 10:55:28 CDT 2015,2.1328125
Thu Apr 09 10:55:29 CDT 2015,0.3138020833333333
Thu Apr 09 10:55:30 CDT 2015,0.3515625
Thu Apr 09 10:55:31 CDT 2015,0.42578125
Thu Apr 09 10:55:32 CDT 2015,0.271484375
Thu Apr 09 10:55:33 CDT 2015,0.4375
Thu Apr 09 10:55:34 CDT 2015,0.2825520833333333
Thu Apr 09 10:55:35 CDT 2015,0.8125
Thu Apr 09 10:55:39 CDT 2015,3.99609375
Thu Apr 09 10:55:40 CDT 2015,0.294921875
Thu Apr 09 10:55:43 CDT 2015,3.0625
Thu Apr 09 10:55:45 CDT 2015,0.619140625
Thu Apr 09 10:55:46 CDT 2015,0.26953125
Thu Apr 09 10:55:47 CDT 2015,0.4479166666666667
Thu Apr 09 10:55:48 CDT 2015,0.45703125
Thu Apr 09 10:55:50 CDT 2015,2.5078125
Thu Apr 09 10:55:51 CDT 2015,0.859375
Thu Apr 09 10:55:52 CDT 2015,1.14453125
Thu Apr 09 10:55:53 CDT 2015,0.3125
Thu Apr 09 10:55:55 CDT 2015,2.23046875
Thu Apr 09 10:55:58 CDT 2015,1.72265625
Thu Apr 09 10:55:59 CDT 2015,0.26953125
Thu Apr 09 10:56:00 CDT 2015,0.5078125
Thu Apr 09 10:56:03 CDT 2015,1.71484375
Thu Apr 09 10:56:04 CDT 2015,0.3125
Thu Apr 09 10:56:07 CDT 2015,3.09765625
Thu Apr 09 10:56:08 CDT 2015,1.140625
Thu Apr 09 10:56:16 CDT 2015,3.99609375
Thu Apr 09 10:56:17 CDT 2015,0.2890625
Thu Apr 09 10:56:18 CDT 2015,0.390625
Thu Apr 09 10:56:22 CDT 2015,1.20703125
Thu Apr 09 10:56:23 CDT 2015,0.33984375
Thu Apr 09 10:56:25 CDT 2015,0.978515625
Thu Apr 09 10:56:26 CDT 2015,1.24609375
Thu Apr 09 10:56:27 CDT 2015,0.26953125
Thu Apr 09 10:56:28 CDT 2015,0.384765625
Thu Apr 09 10:56:29 CDT 2015,0.525390625
Thu Apr 09 10:56:30 CDT 2015,0.3203125
Thu Apr 09 10:56:35 CDT 2015,3.99609375
Thu Apr 09 10:56:42 CDT 2015,2.1328125
Thu Apr 09 10:56:43 CDT 2015,0.2838541666666667
Thu Apr 09 10:56:45 CDT 2015,2.23828125
Thu Apr 09 10:56:46 CDT 2015,0.26953125
Thu Apr 09 10:56:47 CDT 2015,1.68359375
Thu Apr 09 10:56:48 CDT 2015,0.8671875
Thu Apr 09 10:56:49 CDT 2015,0.43359375
Thu Apr 09 10:56:52 CDT 2015,3.28515625
Thu Apr 09 10:56:53 CDT 2015,0.333984375
Thu Apr 09 10:56:56 CDT 2015,1.373046875
Thu Apr 09 10:56:58 CDT 2015,2.546875
Thu Apr 09 10:56:59 CDT 2015,0.28125
Thu Apr 09 10:57:02 CDT 2015,3.43359375
Thu Apr 09 10:57:08 CDT 2015,3.99609375
Thu Apr 09 10:57:09 CDT 2015,0.326171875
Thu Apr 09 10:57:10 CDT 2015,0.37109375
Thu Apr 09 10:57:13 CDT 2015,3.40625
Thu Apr 09 10:57:14 CDT 2015,0.66015625
Thu Apr 09 10:57:17 CDT 2015,3.8515625
Thu Apr 09 10:57:18 CDT 2015,0.26953125
Thu Apr 09 10:57:19 CDT 2015,0.2841796875
Thu Apr 09 10:57:20 CDT 2015,0.359375
Thu Apr 09 10:57:21 CDT 2015,0.65234375
Thu Apr 09 10:57:22 CDT 2015,0.375
Thu Apr 09 10:57:23 CDT 2015,1.27734375
Thu Apr 09 10:57:24 CDT 2015,1.28125
Thu Apr 09 10:57:25 CDT 2015,0.5234375
Thu Apr 09 10:57:27 CDT 2015,1.09765625
Thu Apr 09 10:57:28 CDT 2015,1.3984375
Thu Apr 09 10:57:29 CDT 2015,1.203125
Thu Apr 09 10:57:31 CDT 2015,1.162109375
Thu Apr 09 10:57:34 CDT 2015,1.2890625
Thu Apr 09 10:57:35 CDT 2015,0.81640625
Thu Apr 09 10:57:37 CDT 2015,1.291015625
Thu Apr 09 10:57:41 CDT 2015,1.3177083333333333
Thu Apr 09 10:57:43 CDT 2015,1.671875
Thu Apr 09 10:57:44 CDT 2015,0.796875
Thu Apr 09 10:57:45 CDT 2015,0.71484375
Thu Apr 09 10:57:46 CDT 2015,0.3229166666666667
Thu Apr 09 10:57:47 CDT 2015,0.376953125
Thu Apr 09 10:57:49 CDT 2015,2.2890625
Thu Apr 09 10:57:50 CDT 2015,0.2763671875
Thu Apr 09 10:57:51 CDT 2015,0.375
Thu Apr 09 10:57:54 CDT 2015,1.0807291666666667
Thu Apr 09 10:57:55 CDT 2015,0.53515625
Thu Apr 09 10:57:56 CDT 2015,0.3330078125
Thu Apr 09 10:57:57 CDT 2015,0.3190104166666667
Thu Apr 09 10:57:58 CDT 2015,0.90234375
Thu Apr 09 10:57:59 CDT 2015,0.33203125
Thu Apr 09 10:58:00 CDT 2015,0.54296875
Thu Apr 09 10:58:01 CDT 2015,0.28515625
Thu Apr 09 10:58:02 CDT 2015,0.380859375
Thu Apr 09 10:58:03 CDT 2015,0.421875
Thu Apr 09 10:58:04 CDT 2015,0.76953125
Thu Apr 09 10:58:05 CDT 2015,0.453125
Thu Apr 09 10:58:06 CDT 2015,1.56640625
Thu Apr 09 10:58:07 CDT 2015,0.4713541666666667
Thu Apr 09 10:58:08 CDT 2015,0.478515625
Thu Apr 09 10:58:09 CDT 2015,0.55078125
Thu Apr 09 10:58:10 CDT 2015,0.44921875
Thu Apr 09 10:58:12 CDT 2015,0.982421875
Thu Apr 09 10:58:13 CDT 2015,0.3372395833333333
Thu Apr 09 10:58:15 CDT 2015,0.7135416666666666
Thu Apr 09 10:58:16 CDT 2015,0.45703125
Thu Apr 09 10:58:18 CDT 2015,1.8515625
Thu Apr 09 10:58:20 CDT 2015,1.03515625
Thu Apr 09 10:58:22 CDT 2015,1.001953125
Thu Apr 09 10:58:23 CDT 2015,0.66796875
Thu Apr 09 10:58:24 CDT 2015,0.80078125
Thu Apr 09 10:58:25 CDT 2015,1.51171875
Thu Apr 09 10:58:26 CDT 2015,0.421875
Thu Apr 09 10:58:27 CDT 2015,0.59375
Thu Apr 09 10:58:29 CDT 2015,1.296875
Thu Apr 09 10:58:30 CDT 2015,0.296875
Thu Apr 09 10:58:35 CDT 2015,3.99609375
Thu Apr 09 10:58:36 CDT 2015,0.3645833333333333
Thu Apr 09 10:58:37 CDT 2015,0.490234375
Thu Apr 09 10:58:40 CDT 2015,1.390625
Thu Apr 09 10:58:41 CDT 2015,0.60546875
Thu Apr 09 10:58:42 CDT 2015,1.80859375
Thu Apr 09 10:58:43 CDT 2015,0.470703125
Thu Apr 09 10:58:44 CDT 2015,0.4296875
Thu Apr 09 10:58:45 CDT 2015,0.283203125
Thu Apr 09 10:58:46 CDT 2015,1.49609375
Thu Apr 09 10:58:47 CDT 2015,0.33984375
Thu Apr 09 10:58:49 CDT 2015,2.44921875
Thu Apr 09 10:58:50 CDT 2015,1.04296875
Thu Apr 09 10:58:52 CDT 2015,0.935546875
Thu Apr 09 10:58:57 CDT 2015,3.99609375
Thu Apr 09 10:58:58 CDT 2015,0.69140625
Thu Apr 09 10:58:59 CDT 2015,0.90625
Thu Apr 09 10:59:00 CDT 2015,0.92578125
Thu Apr 09 10:59:01 CDT 2015,0.4453125
Thu Apr 09 10:59:02 CDT 2015,1.2734375
Thu Apr 09 10:59:05 CDT 2015,2.5390625
Thu Apr 09 10:59:06 CDT 2015,0.5143229166666666
Thu Apr 09 10:59:07 CDT 2015,1.1875
Thu Apr 09 10:59:08 CDT 2015,0.40234375
Thu Apr 09 10:59:11 CDT 2015,1.6171875
Thu Apr 09 10:59:12 CDT 2015,0.494140625
Thu Apr 09 10:59:14 CDT 2015,1.046875
Thu Apr 09 10:59:15 CDT 2015,0.9296875
Thu Apr 09 10:59:16 CDT 2015,0.27734375
Thu Apr 09 10:59:17 CDT 2015,1.625
Thu Apr 09 10:59:19 CDT 2015,0.94921875
Thu Apr 09 10:59:21 CDT 2015,1.7109375
Thu Apr 09 10:59:23 CDT 2015,2.12109375
Thu Apr 09 10:59:26 CDT 2015,2.6328125
Thu Apr 09 10:59:27 CDT 2015,0.859375
Thu Apr 09 10:59:28 CDT 2015,0.29296875
Thu Apr 09 10:59:29 CDT 2015,1.65234375
Thu Apr 09 10:59:30 CDT 2015,0.34765625
Thu Apr 09 10:59:31 CDT 2015,1.1484375
Thu Apr 09 10:59:34 CDT 2015,1.6875
Thu Apr 09 10:59:35 CDT 2015,0.2903645833333333
Thu Apr 09 10:59:36 CDT 2015,0.63671875
Thu Apr 09 10:59:37 CDT 2015,1.37890625
Thu Apr 09 10:59:38 CDT 2015,0.3505859375
Thu Apr 09 10:59:39 CDT 2015,0.28515625
Thu Apr 09 10:59:40 CDT 2015,0.3111979166666667
Thu Apr 09 10:59:41 CDT 2015,0.26953125
Thu Apr 09 10:59:45 CDT 2015,3.99609375
Thu Apr 09 10:59:46 CDT 2015,0.26953125
Thu Apr 09 10:59:47 CDT 2015,1.703125
Thu Apr 09 10:59:48 CDT 2015,0.32421875
Thu Apr 09 10:59:49 CDT 2015,0.61328125
Thu Apr 09 10:59:50 CDT 2015,0.296875
Thu Apr 09 10:59:51 CDT 2015,0.47265625
Thu Apr 09 10:59:52 CDT 2015,1.484375
Thu Apr 09 10:59:53 CDT 2015,0.671875
Thu Apr 09 10:59:54 CDT 2015,0.79296875
Thu Apr 09 10:59:55 CDT 2015,0.486328125
Thu Apr 09 10:59:57 CDT 2015,1.06640625
Thu Apr 09 10:59:58 CDT 2015,0.9921875
Thu Apr 09 10:59:59 CDT 2015,0.29296875
Thu Apr 09 11:00:01 CDT 2015,0.85546875
Thu Apr 09 11:00:02 CDT 2015,0.28515625
Thu Apr 09 11:00:03 CDT 2015,0.8046875
Thu Apr 09 11:00:04 CDT 2015,1.0625
Thu Apr 09 11:00:05 CDT 2015,0.3528645833333333
Thu Apr 09 11:00:07 CDT 2015,1.35546875
Thu Apr 09 11:00:10 CDT 2015,3.34765625
Thu Apr 09 11:00:11 CDT 2015,0.953125
Thu Apr 09 11:00:12 CDT 2015,0.587890625
Thu Apr 09 11:00:13 CDT 2015,0.39453125
Thu Apr 09 11:00:14 CDT 2015,0.90625
Thu Apr 09 11:00:15 CDT 2015,0.3294270833333333
Thu Apr 09 11:00:16 CDT 2015,0.3190104166666667
Thu Apr 09 11:00:17 CDT 2015,0.3151041666666667
Thu Apr 09 11:00:18 CDT 2015,0.26953125
Thu Apr 09 11:00:21 CDT 2015,3.02734375
Thu Apr 09 11:00:22 CDT 2015,1.234375
Thu Apr 09 11:00:23 CDT 2015,0.5859375
Thu Apr 09 11:00:24 CDT 2015,0.560546875
Thu Apr 09 11:00:27 CDT 2015,2.31640625
Thu Apr 09 11:00:30 CDT 2015,1.744140625
Thu Apr 09 11:00:31 CDT 2015,0.3203125
Thu Apr 09 11:00:32 CDT 2015,0.98828125
Thu Apr 09 11:00:35 CDT 2015,2.80078125
Thu Apr 09 11:00:36 CDT 2015,0.26953125
Thu Apr 09 11:00:37 CDT 2015,0.2734375
Thu Apr 09 11:00:40 CDT 2015,1.904296875
Thu Apr 09 11:00:41 CDT 2015,0.26953125
Thu Apr 09 11:00:44 CDT 2015,1.818359375
Thu Apr 09 11:00:55 CDT 2015,2.1328125
Thu Apr 09 11:00:56 CDT 2015,0.26953125
Thu Apr 09 11:00:58 CDT 2015,2.015625
Thu Apr 09 11:01:00 CDT 2015,0.7890625
Thu Apr 09 11:01:01 CDT 2015,0.421875
Thu Apr 09 11:01:04 CDT 2015,1.57421875
Thu Apr 09 11:01:05 CDT 2015,1.23828125
Thu Apr 09 11:01:12 CDT 2015,1.2412109375
Thu Apr 09 11:01:13 CDT 2015,0.412109375
Thu Apr 09 11:01:14 CDT 2015,0.26953125
Thu Apr 09 11:01:16 CDT 2015,0.8763020833333334
Thu Apr 09 11:01:17 CDT 2015,0.71875
Thu Apr 09 11:01:18 CDT 2015,1.5078125
Thu Apr 09 11:01:19 CDT 2015,0.498046875
Thu Apr 09 11:01:21 CDT 2015,0.974609375
Thu Apr 09 11:01:24 CDT 2015,2.37109375
Thu Apr 09 11:01:25 CDT 2015,0.5078125
Thu Apr 09 11:01:26 CDT 2015,0.28515625
Thu Apr 09 11:01:28 CDT 2015,1.3828125
Thu Apr 09 11:01:29 CDT 2015,1.109375
Thu Apr 09 11:01:48 CDT 2015,2.220703125
Thu Apr 09 11:01:49 CDT 2015,0.5
Thu Apr 09 11:01:50 CDT 2015,0.34375
Thu Apr 09 11:01:52 CDT 2015,0.7682291666666666
Thu Apr 09 11:01:53 CDT 2015,0.28515625
Thu Apr 09 11:01:54 CDT 2015,1.125
Thu Apr 09 11:01:55 CDT 2015,0.3463541666666667
Thu Apr 09 11:01:56 CDT 2015,0.3203125
Thu Apr 09 11:01:57 CDT 2015,0.5104166666666666
Thu Apr 09 11:01:58 CDT 2015,0.52734375
Thu Apr 09 11:01:59 CDT 2015,1.0703125
Thu Apr 09 11:02:00 CDT 2015,0.2916666666666667
Thu Apr 09 11:02:01 CDT 2015,0.78125
Thu Apr 09 11:02:02 CDT 2015,0.9375
Thu Apr 09 11:02:03 CDT 2015,0.3736979166666667
Thu Apr 09 11:02:06 CDT 2015,1.619140625
Thu Apr 09 11:02:07 CDT 2015,0.3489583333333333
Thu Apr 09 11:02:09 CDT 2015,1.42578125
Thu Apr 09 11:02:15 CDT 2015,2.1328125
Thu Apr 09 11:02:29 CDT 2015,3.99609375
Thu Apr 09 11:02:30 CDT 2015,0.26953125
Thu Apr 09 11:02:31 CDT 2015,0.3072916666666667
Thu Apr 09 11:02:32 CDT 2015,0.37109375
Thu Apr 09 11:02:33 CDT 2015,0.41796875
Thu Apr 09 11:02:37 CDT 2015,2.03125
Thu Apr 09 11:02:54 CDT 2015,3.99609375
Thu Apr 09 11:02:55 CDT 2015,0.3841145833333333
Thu Apr 09 11:02:56 CDT 2015,0.5078125
Thu Apr 09 11:02:57 CDT 2015,1.2109375
Thu Apr 09 11:02:58 CDT 2015,1.0078125
Thu Apr 09 11:02:59 CDT 2015,0.2890625
Thu Apr 09 11:03:01 CDT 2015,0.79296875
Thu Apr 09 11:03:02 CDT 2015,0.416015625
Thu Apr 09 11:03:03 CDT 2015,1.1015625
Thu Apr 09 11:03:04 CDT 2015,0.3515625
Thu Apr 09 11:03:05 CDT 2015,0.5611979166666666
Thu Apr 09 11:03:06 CDT 2015,0.328125
Thu Apr 09 11:03:07 CDT 2015,0.33203125
Thu Apr 09 11:03:08 CDT 2015,0.5390625
Thu Apr 09 11:03:09 CDT 2015,1.20703125
Thu Apr 09 11:03:10 CDT 2015,0.40234375
Thu Apr 09 11:03:11 CDT 2015,1.48828125
Thu Apr 09 11:03:13 CDT 2015,2.19921875
Thu Apr 09 11:03:16 CDT 2015,2.62109375
Thu Apr 09 11:03:17 CDT 2015,1.30078125
Thu Apr 09 11:03:24 CDT 2015,2.1328125
Thu Apr 09 11:03:25 CDT 2015,0.509765625
Thu Apr 09 11:03:26 CDT 2015,0.84375
Thu Apr 09 11:03:29 CDT 2015,3.390625
Thu Apr 09 11:03:30 CDT 2015,0.26953125
Thu Apr 09 11:03:32 CDT 2015,2.40234375
Thu Apr 09 11:03:33 CDT 2015,0.28125
Thu Apr 09 11:03:34 CDT 2015,0.271484375
Thu Apr 09 11:05:12 CDT 2015,3.99609375
Thu Apr 09 11:05:13 CDT 2015,0.94921875
Thu Apr 09 11:05:14 CDT 2015,0.60546875
Thu Apr 09 11:05:17 CDT 2015,1.732421875
Thu Apr 09 11:05:18 CDT 2015,0.279296875
Thu Apr 09 11:05:19 CDT 2015,1.00390625
Thu Apr 09 11:05:20 CDT 2015,0.30078125
Thu Apr 09 11:05:22 CDT 2015,2.28515625
Thu Apr 09 11:05:24 CDT 2015,2.34375
Thu Apr 09 11:05:25 CDT 2015,0.298828125
Thu Apr 09 11:05:27 CDT 2015,2.17578125
Thu Apr 09 11:05:28 CDT 2015,0.34765625
Thu Apr 09 11:05:32 CDT 2015,2.1328125
Thu Apr 09 11:05:43 CDT 2015,2.216796875
Thu Apr 09 11:05:59 CDT 2015,2.296875
Thu Apr 09 11:06:00 CDT 2015,0.568359375
Thu Apr 09 11:06:02 CDT 2015,0.787109375
Thu Apr 09 11:06:04 CDT 2015,2.34375
Thu Apr 09 11:06:05 CDT 2015,0.5625
Thu Apr 09 11:06:06 CDT 2015,0.3828125
Thu Apr 09 11:06:08 CDT 2015,0.6536458333333334
Thu Apr 09 11:06:12 CDT 2015,3.47265625
Thu Apr 09 11:06:13 CDT 2015,1.71875
Thu Apr 09 11:06:14 CDT 2015,1.08984375
Thu Apr 09 11:06:15 CDT 2015,0.37109375
Thu Apr 09 11:06:17 CDT 2015,1.74609375
Thu Apr 09 11:06:18 CDT 2015,1.328125
Thu Apr 09 11:06:19 CDT 2015,1.00390625
Thu Apr 09 11:06:20 CDT 2015,0.478515625
Thu Apr 09 11:06:22 CDT 2015,1.92578125
Thu Apr 09 11:06:24 CDT 2015,1.001953125
Thu Apr 09 11:06:25 CDT 2015,1.265625
Thu Apr 09 11:06:26 CDT 2015,0.31640625
Thu Apr 09 11:06:28 CDT 2015,1.146484375
Thu Apr 09 11:06:30 CDT 2015,1.0234375
Thu Apr 09 11:06:31 CDT 2015,0.5390625
Thu Apr 09 11:06:32 CDT 2015,1.8359375
Thu Apr 09 11:06:35 CDT 2015,2.96875
Thu Apr 09 11:06:36 CDT 2015,0.435546875
Thu Apr 09 11:06:38 CDT 2015,1.953125
Thu Apr 09 11:06:41 CDT 2015,2.375
Thu Apr 09 11:06:43 CDT 2015,1.88671875
Thu Apr 09 11:06:44 CDT 2015,1.37109375
Thu Apr 09 11:06:47 CDT 2015,1.15625
Thu Apr 09 11:06:48 CDT 2015,0.353515625
Thu Apr 09 11:06:49 CDT 2015,1.2734375
Thu Apr 09 11:06:50 CDT 2015,0.26953125
Thu Apr 09 11:06:51 CDT 2015,0.51953125
Thu Apr 09 11:06:53 CDT 2015,2.3359375
Thu Apr 09 11:06:54 CDT 2015,0.39453125
Thu Apr 09 11:06:55 CDT 2015,0.875
Thu Apr 09 11:06:56 CDT 2015,0.5638020833333334
Thu Apr 09 11:06:57 CDT 2015,0.3385416666666667
Thu Apr 09 11:06:58 CDT 2015,0.26953125
Thu Apr 09 11:07:01 CDT 2015,1.2799479166666667
Thu Apr 09 11:07:02 CDT 2015,0.275390625
Thu Apr 09 11:07:14 CDT 2015,3.99609375
Thu Apr 09 11:07:15 CDT 2015,0.26953125
Thu Apr 09 11:07:16 CDT 2015,0.3125
Thu Apr 09 11:07:17 CDT 2015,0.419921875
Thu Apr 09 11:07:18 CDT 2015,0.6015625
Thu Apr 09 11:07:19 CDT 2015,0.31640625
Thu Apr 09 11:07:20 CDT 2015,0.68359375
Thu Apr 09 11:07:21 CDT 2015,1.53515625
Thu Apr 09 11:07:22 CDT 2015,0.5546875
Thu Apr 09 11:07:23 CDT 2015,0.50390625
Thu Apr 09 11:07:24 CDT 2015,0.98046875
Thu Apr 09 11:07:25 CDT 2015,0.4140625
Thu Apr 09 11:07:29 CDT 2015,3.99609375
Thu Apr 09 11:07:30 CDT 2015,0.33203125
Thu Apr 09 11:07:31 CDT 2015,0.5546875
Thu Apr 09 11:07:33 CDT 2015,1.59375
Thu Apr 09 11:07:34 CDT 2015,1.67578125
Thu Apr 09 11:07:35 CDT 2015,0.70703125
Thu Apr 09 11:07:36 CDT 2015,0.3271484375
Thu Apr 09 11:07:38 CDT 2015,1.16015625
Thu Apr 09 11:07:39 CDT 2015,1.31640625
Thu Apr 09 11:07:42 CDT 2015,3.48046875
Thu Apr 09 11:07:44 CDT 2015,0.6940104166666666
Thu Apr 09 11:07:45 CDT 2015,0.984375
Thu Apr 09 11:07:47 CDT 2015,1.2734375
Thu Apr 09 11:07:48 CDT 2015,1.6875
Thu Apr 09 11:07:49 CDT 2015,0.47265625
Thu Apr 09 11:08:01 CDT 2015,3.99609375
Thu Apr 09 11:08:03 CDT 2015,2.47265625
Thu Apr 09 11:08:06 CDT 2015,3.0078125
Thu Apr 09 11:08:07 CDT 2015,0.359375
Thu Apr 09 11:08:08 CDT 2015,0.779296875
Thu Apr 09 11:08:09 CDT 2015,0.29296875
Thu Apr 09 11:08:11 CDT 2015,1.126953125
Thu Apr 09 11:08:12 CDT 2015,0.4296875
Thu Apr 09 11:08:14 CDT 2015,2.51171875
Thu Apr 09 11:08:15 CDT 2015,0.26953125
Thu Apr 09 11:08:16 CDT 2015,0.3515625
Thu Apr 09 11:08:17 CDT 2015,1.94140625
Thu Apr 09 11:08:18 CDT 2015,0.28125
Thu Apr 09 11:08:19 CDT 2015,0.345703125
Thu Apr 09 11:08:20 CDT 2015,0.26953125
